jackson_num,http_status,bytes,q_count,word_count,result
1,200,94616,23,4150,ok
2,200,91078,33,3459,ok
3,200,99749,67,4946,ok
4,200,110866,117,6916,ok
5,200,100403,16,5068,ok
6,200,100251,47,5019,ok
7,200,96660,22,4420,ok
8,200,98693,18,4782,ok
9,200,105541,29,5992,ok
10,200,100567,34,5171,ok
11,200,99876,21,4822,ok
12,200,96021,5,4291,ok
13,200,101916,31,5255,ok
14,200,106935,40,6150,ok
15,200,124619,47,9213,ok
16,200,112368,46,7293,ok
17,200,97547,4,4616,ok
18,200,98963,33,4966,ok
19,200,97210,6,4343,ok
20,200,101810,43,5164,ok
21,200,108129,35,6491,ok
22,200,111323,20,6846,ok
23,200,112268,19,7180,ok
24,200,110214,42,6861,ok
25,200,114326,69,7544,ok
26,200,112070,5,6533,ok
27,200,113346,25,7259,ok
28,200,113152,47,7472,ok
29,200,108600,61,6639,ok
30,200,99900,21,5039,ok
31,200,92427,14,3628,ok
32,200,95107,46,4073,ok
33,200,97398,37,4621,ok
34,200,105459,19,5930,ok
35,200,98797,66,4695,ok
36,200,93860,5,3898,ok
37,200,101058,16,5168,ok
38,200,104130,39,5747,ok
39,200,103700,74,5727,ok
40,200,125643,36,8691,ok
41,200,94140,32,3913,ok
42,200,98347,21,4961,ok
43,200,99234,33,4655,ok
44,200,98112,26,4797,ok
45,200,100516,39,5391,ok
46,200,106423,42,6216,ok
47,200,101266,18,5067,ok
48,200,98049,15,4826,ok
49,200,96607,37,4563,ok
50,200,100779,43,5246,ok
51,200,103780,66,5750,ok
52,200,116774,39,7746,ok
53,200,109774,44,6463,ok
54,200,93954,43,4017,ok
55,200,88292,28,3034,ok
56,200,92792,2,3606,ok
57,200,94982,22,4156,ok
58,200,85293,9,2512,ok
59,200,95645,23,4247,ok
60,200,100682,41,5067,ok
61,200,107122,30,6012,ok
62,200,96116,18,4277,ok
63,200,99242,30,4815,ok
64,200,89505,3,3177,ok
65,200,90648,14,3391,ok
66,200,93364,35,3945,ok
67,200,100917,54,5187,ok
68,200,100567,49,5124,ok
69,200,105197,131,5868,ok
70,200,97084,48,4284,ok
71,200,93137,29,3827,ok
72,200,97595,14,4505,ok
73,200,96958,29,4564,ok
74,200,93834,13,3925,ok
75,200,94349,12,4008,ok
76,200,104796,86,5892,ok
77,200,96622,22,4410,ok
78,200,93648,26,3828,ok
79,200,90300,13,3300,ok
80,200,100139,32,5048,ok
81,200,100101,23,4896,ok
82,200,94276,16,4114,ok
83,200,91138,22,3534,ok
84,200,102139,64,5377,ok
85,200,91485,10,3411,ok
86,200,104063,31,2217,ok
87,200,105652,93,6021,ok
88,200,97244,54,4665,ok
89,200,99909,34,4965,ok
90,200,90790,23,3414,ok
91,200,99432,17,5027,ok
92,200,95393,24,4190,ok
93,200,92571,15,3718,ok
94,200,95965,36,4399,ok
95,200,101948,38,5404,ok
96,200,95195,56,4287,ok
97,200,92841,37,3787,ok
98,200,96813,37,4516,ok
99,200,104857,50,4644,ok
100,200,90625,15,3306,ok
101,200,98230,44,4569,ok (retry: case-insensitive marker fix)
102,200,94078,35,3996,ok
103,200,88426,53,3036,ok
104,200,100017,41,4888,ok
105,200,93045,26,3821,ok
106,200,88844,14,3191,ok
107,200,98973,60,4743,ok
108,200,91266,26,3569,ok
109,200,85370,19,2585,ok
110,200,89177,3,3096,ok
111,200,86693,20,2610,ok
112,200,99160,37,4897,ok
113,200,93381,35,3594,ok
114,200,92997,24,3718,ok
115,200,91648,14,3564,ok
116,200,93740,86,3873,ok
117,200,85986,16,2524,ok
118,200,91208,38,3562,ok
119,200,84505,49,2411,ok
120,200,87625,26,2840,ok
121,200,89580,49,3275,ok
122,200,93139,47,3875,ok
123,200,92104,44,3534,ok
124,200,83820,14,2022,ok
125,200,85372,2,2493,ok
126,200,91487,45,3592,ok
127,200,91760,24,3548,ok
128,200,104503,37,5959,ok
130,200,92671,55,3690,ok
131,200,97688,14,4318,ok (retry: case-insensitive marker fix)
132,200,100863,28,4773,ok
133,200,117437,18,8132,ok
134,200,98115,82,4631,ok
135,200,84357,19,2338,ok
136,200,84975,2,2357,ok
137,200,99852,19,4193,ok
138,200,89157,8,3065,ok
139,200,88290,8,3210,ok
140,200,91353,32,3700,ok
141,200,101198,15,5436,ok
