jackson_num,local_file,q_count,gate_qmark,old_wc,new_wc,delta_pct,gate_wordcount,similarity,gate_opening,overall
1,sermon-001-salvation-by-faith.txt,23,PASS,4170,4150,-0.5,PASS,0.996,PASS,PASS
2,sermon-002-the-almost-christian.txt,33,PASS,3498,3459,-1.1,PASS,0.994,PASS,PASS
3,sermon-003-awake-thou-that-sleepest.txt,67,PASS,4986,4946,-0.8,PASS,0.995,PASS,PASS
4,sermon-004-scriptural-christianity.txt,117,PASS,6863,6916,0.8,PASS,0.990,PASS,PASS
5,sermon-005-justification-by-faith.txt,16,PASS,5088,5068,-0.4,PASS,0.996,PASS,PASS
6,sermon-006-the-righteousness-of-faith.txt,47,PASS,5023,5019,-0.1,PASS,0.998,PASS,PASS
7,sermon-007-the-way-to-the-kingdom.txt,22,PASS,4424,4420,-0.1,PASS,0.998,PASS,PASS
8,sermon-008-the-first-fruits-of-the-spirit.txt,18,PASS,4788,4782,-0.1,PASS,0.996,PASS,PASS
9,sermon-009-the-spirit-of-bondage-and-of-adoption.txt,29,PASS,5993,5992,-0.0,PASS,0.998,PASS,PASS
10,sermon-010-witness-of-the-spirit-i.txt,34,PASS,5178,5171,-0.1,PASS,0.999,PASS,PASS
11,sermon-011-witness-of-the-spirit-ii.txt,21,PASS,4770,4822,1.1,PASS,0.992,PASS,PASS
12,sermon-012-the-witness-of-our-own-spirit.txt,5,PASS,4296,4291,-0.1,PASS,0.999,PASS,PASS
13,sermon-013-on-sin-in-believers.txt,31,PASS,5199,5255,1.1,PASS,0.993,PASS,PASS
14,sermon-014-the-repentance-of-believers.txt,40,PASS,6127,6150,0.4,PASS,0.997,PASS,PASS
15,sermon-015-the-great-assize.txt,47,PASS,9219,9213,-0.1,PASS,0.998,PASS,PASS
16,sermon-016-the-means-of-grace.txt,46,PASS,6014,7293,21.3,FAIL,0.846,FAIL,FAIL
17,sermon-017-circumcision-of-the-heart.txt,4,PASS,4635,4616,-0.4,PASS,0.996,PASS,PASS
18,sermon-018-the-marks-of-the-new-birth.txt,33,PASS,4917,4966,1.0,PASS,0.993,PASS,PASS
19,sermon-019-the-great-privilege-of-those-born-of-god.txt,6,PASS,4353,4343,-0.2,PASS,0.998,PASS,PASS
20,sermon-020-the-lord-our-righteousness.txt,43,PASS,5181,5164,-0.3,PASS,0.997,PASS,PASS
21,sermon-021-upon-our-lords-sermon-on-the-mount-i.txt,35,PASS,6499,6491,-0.1,PASS,0.999,PASS,PASS
22,sermon-022-upon-our-lords-sermon-on-the-mount-ii.txt,20,PASS,6824,6846,0.3,PASS,0.996,PASS,PASS
23,sermon-023-upon-our-lords-sermon-on-the-mount-iii.txt,19,PASS,7135,7180,0.6,PASS,0.995,PASS,PASS
24,sermon-024-upon-our-lords-sermon-on-the-mount-iv.txt,42,PASS,6866,6861,-0.1,PASS,0.998,PASS,PASS
25,sermon-025-upon-our-lords-sermon-on-the-mount-v.txt,69,PASS,7498,7544,0.6,PASS,0.995,PASS,PASS
26,sermon-026-upon-our-lords-sermon-on-the-mount-vi.txt,5,PASS,6962,6533,-6.2,PASS,0.959,PASS,PASS
27,sermon-027-upon-our-lords-sermon-on-the-mount-vii.txt,25,PASS,7267,7259,-0.1,PASS,0.999,PASS,PASS
28,sermon-028-upon-our-lords-sermon-on-the-mount-viii.txt,47,PASS,7482,7472,-0.1,PASS,0.998,PASS,PASS
29,sermon-029-upon-our-lords-sermon-on-the-mount-ix.txt,61,PASS,6648,6639,-0.1,PASS,0.999,PASS,PASS
30,sermon-030-upon-our-lords-sermon-on-the-mount-x.txt,21,PASS,5049,5039,-0.2,PASS,0.998,PASS,PASS
31,sermon-031-upon-our-lords-sermon-on-the-mount-xi.txt,14,PASS,3636,3628,-0.2,PASS,0.997,PASS,PASS
32,sermon-032-upon-our-lords-sermon-on-the-mount-xii.txt,46,PASS,4081,4073,-0.2,PASS,0.998,PASS,PASS
33,sermon-033-upon-our-lords-sermon-on-the-mount-xiii.txt,37,PASS,4629,4621,-0.2,PASS,0.998,PASS,PASS
34,sermon-034-the-original-nature-property-and-use-of-the-law.txt,19,PASS,5939,5930,-0.2,PASS,0.998,PASS,PASS
35,sermon-035-the-law-established-through-faith-i.txt,66,PASS,4655,4695,0.9,PASS,0.994,PASS,PASS
36,sermon-036-the-law-established-through-faith-ii.txt,5,PASS,3904,3898,-0.2,PASS,0.998,PASS,PASS
37,sermon-037-the-nature-of-enthusiasm.txt,16,PASS,5171,5168,-0.1,PASS,1.000,PASS,PASS
38,sermon-038-a-caution-against-bigotry.txt,39,PASS,5749,5747,-0.0,PASS,0.999,PASS,PASS
39,sermon-039-catholic-spirit.txt,74,PASS,4847,5727,18.2,FAIL,0.912,PASS,FAIL
40,sermon-040-christian-perfection.txt,36,PASS,9438,8691,-7.9,PASS,0.958,PASS,PASS
41,sermon-041-wandering-thoughts.txt,32,PASS,3917,3913,-0.1,PASS,0.999,PASS,PASS
42,sermon-042-satans-devices.txt,21,PASS,4959,4961,0.0,PASS,0.999,PASS,PASS
43,sermon-043-scripture-way-of-salvation.txt,33,PASS,4665,4655,-0.2,PASS,0.998,PASS,PASS
44,sermon-044-original-sin.txt,26,PASS,4799,4797,-0.0,PASS,0.999,PASS,PASS
45,sermon-045-the-new-birth.txt,39,PASS,5393,5391,-0.0,PASS,0.998,PASS,PASS
46,sermon-046-the-wilderness-state.txt,42,PASS,6223,6216,-0.1,PASS,0.999,PASS,PASS
47,sermon-047-heaviness-through-manifold-temptations.txt,18,PASS,5069,5067,-0.0,PASS,0.999,PASS,PASS
48,sermon-048-self-denial.txt,15,PASS,4789,4826,0.8,PASS,0.995,PASS,PASS
49,sermon-049-the-cure-of-evil-speaking.txt,37,PASS,4463,4563,2.2,PASS,0.988,PASS,PASS
50,sermon-050-use-of-money.txt,43,PASS,5187,5246,1.1,PASS,0.993,PASS,PASS
51,sermon-051-the-good-steward.txt,66,PASS,5693,5750,1.0,PASS,0.994,PASS,PASS
52,sermon-052-the-reformation-of-manners.txt,39,PASS,7777,7746,-0.4,PASS,0.996,PASS,PASS
53,sermon-053-on-the-death-of-george-whitefield.txt,44,PASS,7808,6463,-17.2,FAIL,0.905,PASS,FAIL
54,sermon-054-on-eternity.txt,43,PASS,4018,4017,-0.0,PASS,0.999,PASS,PASS
55,sermon-055-on-the-trinity.txt,28,PASS,3035,3034,-0.0,PASS,0.991,PASS,PASS
56,sermon-056-gods-approbation-of-his-works.txt,2,PASS,3575,3606,0.9,PASS,0.993,PASS,PASS
57,sermon-057-on-the-fall-of-man.txt,22,PASS,4151,4156,0.1,PASS,0.997,PASS,PASS
58,sermon-058-on-predestination.txt,9,PASS,2512,2512,0.0,PASS,0.999,PASS,PASS
59,sermon-059-gods-love-to-fallen-man.txt,23,PASS,4250,4247,-0.1,PASS,0.997,PASS,PASS
60,sermon-060-the-general-deliverance.txt,41,PASS,5072,5067,-0.1,PASS,0.999,PASS,PASS
61,sermon-061-the-mystery-of-iniquity.txt,30,PASS,6016,6012,-0.1,PASS,0.999,PASS,PASS
62,sermon-062-the-end-of-christs-coming.txt,18,PASS,4280,4277,-0.1,PASS,0.998,PASS,PASS
63,sermon-063-the-general-spread-of-the-gospel.txt,30,PASS,4843,4815,-0.6,PASS,0.997,PASS,PASS
64,sermon-064-the-new-creation.txt,3,PASS,3178,3177,-0.0,PASS,0.999,PASS,PASS
65,sermon-065-the-duty-of-reproving-our-neighbor.txt,14,PASS,3400,3391,-0.3,PASS,0.998,PASS,PASS
66,sermon-066-the-signs-of-the-times.txt,35,PASS,3952,3945,-0.2,PASS,0.998,PASS,PASS
67,sermon-067-on-divine-providence.txt,54,PASS,5208,5187,-0.4,PASS,0.996,PASS,PASS
68,sermon-068-the-wisdom-of-gods-counsels.txt,49,PASS,5128,5124,-0.1,PASS,0.999,PASS,PASS
69,sermon-069-the-imperfection-of-human-knowledge.txt,131,PASS,5815,5868,0.9,PASS,0.992,PASS,PASS
70,sermon-070-the-case-of-reason-impartially-considered.txt,48,PASS,4308,4284,-0.6,PASS,0.996,PASS,PASS
71,sermon-071-of-good-angels.txt,29,PASS,3797,3827,0.8,PASS,0.995,PASS,PASS
72,sermon-072-of-evil-angels.txt,14,PASS,4483,4505,0.5,PASS,0.996,PASS,PASS
73,sermon-073-of-hell.txt,29,PASS,4522,4564,0.9,PASS,0.994,PASS,PASS
74,sermon-074-of-the-church.txt,13,PASS,3898,3925,0.7,PASS,0.990,PASS,PASS
75,sermon-075-on-schism.txt,12,PASS,4010,4008,-0.0,PASS,0.993,PASS,PASS
76,sermon-076-on-perfection.txt,86,PASS,5893,5892,-0.0,PASS,0.999,PASS,PASS
77,sermon-077-spiritual-worship.txt,22,PASS,4415,4410,-0.1,PASS,0.999,PASS,PASS
78,sermon-078-spiritual-idolatry.txt,26,PASS,3829,3828,-0.0,PASS,0.999,PASS,PASS
79,sermon-079-on-dissipation.txt,13,PASS,3300,3300,0.0,PASS,0.999,PASS,PASS
80,sermon-080-on-friendship-with-the-world.txt,32,PASS,5050,5048,-0.0,PASS,0.999,PASS,PASS
81,sermon-081-in-what-sense-are-we-to-leave-the-world.txt,23,PASS,4904,4896,-0.2,PASS,0.999,PASS,PASS
82,sermon-082-on-temptation.txt,16,PASS,4039,4114,1.9,PASS,0.987,PASS,PASS
83,sermon-083-on-patience.txt,22,PASS,3557,3534,-0.6,PASS,0.996,PASS,PASS
84,sermon-084-the-important-question.txt,64,PASS,5380,5377,-0.1,PASS,0.999,PASS,PASS
85,sermon-085-on-working-out-our-own-salvation.txt,10,PASS,3419,3411,-0.2,PASS,0.998,PASS,PASS
86,sermon-086-a-call-to-backsliders.txt,31,PASS,5788,2217,-61.7,FAIL,0.553,FAIL,FAIL
87,sermon-087-the-danger-of-riches.txt,93,PASS,6024,6021,-0.0,PASS,0.999,PASS,PASS
88,sermon-088-on-dress.txt,54,PASS,4666,4665,-0.0,PASS,0.999,PASS,PASS
89,sermon-089-the-more-excellent-way.txt,34,PASS,4855,4965,2.3,PASS,0.984,PASS,PASS
90,sermon-090-an-israelite-indeed.txt,23,PASS,3363,3414,1.5,PASS,0.991,PASS,PASS
91,sermon-091-on-charity.txt,17,PASS,5029,5027,-0.0,PASS,0.999,PASS,PASS
92,sermon-092-on-zeal.txt,24,PASS,4194,4190,-0.1,PASS,0.999,PASS,PASS
93,sermon-093-on-redeeming-the-time.txt,15,PASS,3724,3718,-0.2,PASS,0.999,PASS,PASS
94,sermon-094.txt,36,PASS,4414,4399,-0.3,PASS,0.995,PASS,PASS
95,sermon-095.txt,38,PASS,5435,5404,-0.6,PASS,0.997,PASS,PASS
96,sermon-096.txt,56,PASS,4290,4287,-0.1,PASS,0.999,PASS,PASS
97,sermon-097.txt,37,PASS,3790,3787,-0.1,PASS,0.997,PASS,PASS
98,sermon-098-on-visiting-the-sick.txt,37,PASS,4521,4516,-0.1,PASS,0.999,PASS,PASS
99,sermon-099.txt,50,PASS,4655,4644,-0.2,PASS,0.998,PASS,PASS
100,sermon-100.txt,15,PASS,3311,3306,-0.2,PASS,0.999,PASS,PASS
101,sermon-101.txt,44,PASS,4576,4569,-0.2,PASS,0.999,PASS,PASS
102,sermon-102.txt,35,PASS,3997,3996,-0.0,PASS,0.999,PASS,PASS
103,sermon-103.txt,53,PASS,3040,3036,-0.1,PASS,0.998,PASS,PASS
104,sermon-104.txt,41,PASS,4890,4888,-0.0,PASS,0.999,PASS,PASS
105,sermon-105.txt,26,PASS,3820,3821,0.0,PASS,0.995,PASS,PASS
106,sermon-106.txt,14,PASS,3192,3191,-0.0,PASS,0.998,PASS,PASS
107,sermon-107.txt,60,PASS,4750,4743,-0.1,PASS,0.999,PASS,PASS
108,sermon-108.txt,26,PASS,3570,3569,-0.0,PASS,0.999,PASS,PASS
109,sermon-109.txt,19,PASS,2587,2585,-0.1,PASS,0.997,PASS,PASS
110,sermon-110.txt,3,PASS,3097,3096,-0.0,PASS,0.999,PASS,PASS
111,sermon-111.txt,20,PASS,2614,2610,-0.2,PASS,0.997,PASS,PASS
112,sermon-112-the-rich-man-and-lazarus.txt,37,PASS,4898,4897,-0.0,PASS,0.999,PASS,PASS
113,sermon-113.txt,35,PASS,3602,3594,-0.2,PASS,0.998,PASS,PASS
114,sermon-114.txt,24,PASS,3723,3718,-0.1,PASS,0.998,PASS,PASS
115,sermon-115.txt,14,PASS,3566,3564,-0.1,PASS,1.000,PASS,PASS
116,sermon-116.txt,86,PASS,3904,3873,-0.8,PASS,0.996,PASS,PASS
117,sermon-117.txt,16,PASS,2528,2524,-0.2,PASS,0.998,PASS,PASS
118,sermon-118.txt,38,PASS,3566,3562,-0.1,PASS,0.998,PASS,PASS
119,sermon-119.txt,49,PASS,2411,2411,0.0,PASS,0.999,PASS,PASS
120,sermon-120-on-the-wedding-garment.txt,26,PASS,2843,2840,-0.1,PASS,0.999,PASS,PASS
121,sermon-121.txt,49,PASS,3278,3275,-0.1,PASS,0.999,PASS,PASS
122,sermon-122.txt,47,PASS,3883,3875,-0.2,PASS,0.997,PASS,PASS
123,sermon-123.txt,44,PASS,3474,3534,1.7,PASS,0.989,PASS,PASS
124,sermon-124.txt,14,PASS,2029,2022,-0.3,PASS,0.997,PASS,PASS
125,sermon-125.txt,2,PASS,2496,2493,-0.1,PASS,0.998,PASS,PASS
126,sermon-126.txt,45,PASS,3597,3592,-0.1,PASS,0.996,PASS,PASS
127,sermon-127.txt,24,PASS,3575,3548,-0.8,PASS,0.991,PASS,PASS
128,sermon-128-free-grace.txt,37,PASS,4674,5959,27.5,FAIL,0.864,PASS,FAIL
130,sermon-130.txt,55,PASS,3696,3690,-0.2,PASS,0.997,PASS,PASS
131,sermon-131.txt,14,PASS,4325,4318,-0.2,PASS,0.998,PASS,PASS
132,sermon-132.txt,28,PASS,4784,4773,-0.2,PASS,0.998,PASS,PASS
133,sermon-133.txt,18,PASS,8089,8132,0.5,PASS,0.994,PASS,PASS
134,sermon-134.txt,82,PASS,4637,4631,-0.1,PASS,0.997,PASS,PASS
135,sermon-135.txt,19,PASS,2358,2338,-0.8,PASS,0.994,PASS,PASS
136,sermon-136.txt,2,PASS,2341,2357,0.7,PASS,0.993,PASS,PASS
137,sermon-137.txt,19,PASS,5115,4193,-18.0,FAIL,0.895,PASS,FAIL
138,sermon-138.txt,8,PASS,3125,3065,-1.9,PASS,0.988,PASS,PASS
139,sermon-139.txt,8,PASS,3210,3210,0.0,PASS,0.998,PASS,PASS
140,sermon-140.txt,32,PASS,3695,3700,0.1,PASS,0.998,PASS,PASS
141,sermon-141.txt,15,PASS,5442,5436,-0.1,PASS,0.998,PASS,PASS
