jackson_num,slug,title,url
1,sermon-1-salvation-by-faith,Salvation by Faith,https://www.resourceumc.org/en/content/sermon-1-salvation-by-faith
2,sermon-2-the-almost-christian,"Almost Christian, The",https://www.resourceumc.org/en/content/sermon-2-the-almost-christian
3,sermon-3-awake-thou-that-sleepest,"Awake, Thou That Sleepest",https://www.resourceumc.org/en/content/sermon-3-awake-thou-that-sleepest
4,sermon-4-scriptural-christianity,Scriptural Christianity,https://www.resourceumc.org/en/content/sermon-4-scriptural-christianity
5,sermon-5-justification-by-faith,Justification by Faith,https://www.resourceumc.org/en/content/sermon-5-justification-by-faith
6,sermon-6-the-righteousness-of-faith,"Righteousness of Faith, The",https://www.resourceumc.org/en/content/sermon-6-the-righteousness-of-faith
7,sermon-7-the-way-to-the-kingdom,"Way of the Kingdom, Th",https://www.resourceumc.org/en/content/sermon-7-the-way-to-the-kingdom
8,sermon-8-the-first-fruits-of-the-spirit,"First Fruits of the Spirit, The",https://www.resourceumc.org/en/content/sermon-8-the-first-fruits-of-the-spirit
9,sermon-9-the-spirit-of-bondage-and-of-adoption,"Spirit of Bondage and of Adoption, The",https://www.resourceumc.org/en/content/sermon-9-the-spirit-of-bondage-and-of-adoption
10,sermon-10-the-witness-of-the-spirit,"Witness of the Spirit, 1, The",https://www.resourceumc.org/en/content/sermon-10-the-witness-of-the-spirit
11,sermon-11-the-witness-of-the-spirit-ii,"Witness of the Spirit, 2, The",https://www.resourceumc.org/en/content/sermon-11-the-witness-of-the-spirit-ii
12,sermon-12-the-witness-of-our-own-spirit,"Witness of Our Own Spirit, The",https://www.resourceumc.org/en/content/sermon-12-the-witness-of-our-own-spirit
13,sermon-13-on-sin-in-believers,On Sin in Believers,https://www.resourceumc.org/en/content/sermon-13-on-sin-in-believers
14,sermon-14-the-repentance-of-believers,"Repentance of Believers, The",https://www.resourceumc.org/en/content/sermon-14-the-repentance-of-believers
15,sermon-15-the-great-assize,"Great Assize, The [Last Judgment]",https://www.resourceumc.org/en/content/sermon-15-the-great-assize
16,sermon-16-the-means-of-grace,"Means of Grace, The",https://www.resourceumc.org/en/content/sermon-16-the-means-of-grace
17,sermon-17-the-circumcision-of-the-heart,"Circumcision of the Heart, The",https://www.resourceumc.org/en/content/sermon-17-the-circumcision-of-the-heart
18,sermon-18-the-marks-of-the-new-birth,"Marks of the New Birth, The",https://www.resourceumc.org/en/content/sermon-18-the-marks-of-the-new-birth
19,sermon-19-the-great-privilege-of-those-that-are-born-of-god,"Great Privilege of Those that Are Born of God, The",https://www.resourceumc.org/en/content/sermon-19-the-great-privilege-of-those-that-are-born-of-god
20,sermon-20-the-lord-our-righteousness,"Lord Our Righteousness, The",https://www.resourceumc.org/en/content/sermon-20-the-lord-our-righteousness
21,sermon-21-upon-our-lords-sermon-on-the-mount-1,"Sermon on the Mount, 1, Upon Our Lord's",https://www.resourceumc.org/en/content/sermon-21-upon-our-lords-sermon-on-the-mount-1
22,sermon-22-upon-our-lords-sermon-on-the-mount-2,"Sermon on the Mount, 2, Upon Our Lord's",https://www.resourceumc.org/en/content/sermon-22-upon-our-lords-sermon-on-the-mount-2
23,sermon-23-upon-our-lords-sermon-on-the-mount-3,"Sermon on the Mount, 3, Upon Our Lord's",https://www.resourceumc.org/en/content/sermon-23-upon-our-lords-sermon-on-the-mount-3
24,sermon-24-upon-our-lords-sermon-on-the-mount-4,"Sermon on the Mount, 4, Upon Our Lord's",https://www.resourceumc.org/en/content/sermon-24-upon-our-lords-sermon-on-the-mount-4
25,sermon-25-upon-our-lords-sermon-on-the-mount-5,"Sermon on the Mount, 5, Upon Our Lord's",https://www.resourceumc.org/en/content/sermon-25-upon-our-lords-sermon-on-the-mount-5
26,sermon-26-upon-our-lords-sermon-on-the-mount-6,"Sermon on the Mount, 6, Upon Our Lord's",https://www.resourceumc.org/en/content/sermon-26-upon-our-lords-sermon-on-the-mount-6
27,sermon-27-upon-our-lords-sermon-on-the-mount-7,"Sermon on the Mount, 7, Upon Our Lord's",https://www.resourceumc.org/en/content/sermon-27-upon-our-lords-sermon-on-the-mount-7
28,sermon-28-upon-our-lords-sermon-on-the-mount-8,"Sermon on the Mount, 8, Upon Our Lord's",https://www.resourceumc.org/en/content/sermon-28-upon-our-lords-sermon-on-the-mount-8
29,sermon-29-upon-our-lords-sermon-on-the-mount-9,"Sermon on the Mount, 9, Upon Our Lord's",https://www.resourceumc.org/en/content/sermon-29-upon-our-lords-sermon-on-the-mount-9
30,sermon-30-upon-our-lords-sermon-on-the-mount-10,"Sermon on the Mount, 10, Upon Our Lord's",https://www.resourceumc.org/en/content/sermon-30-upon-our-lords-sermon-on-the-mount-10
31,sermon-31-upon-our-lords-sermon-on-the-mount-11,"Sermon on the Mount, 11, Upon Our Lord's",https://www.resourceumc.org/en/content/sermon-31-upon-our-lords-sermon-on-the-mount-11
32,sermon-32-upon-our-lords-sermon-on-the-mount-12,"Sermon on the Mount, 12, Upon Our Lord's",https://www.resourceumc.org/en/content/sermon-32-upon-our-lords-sermon-on-the-mount-12
33,sermon-33-upon-our-lords-sermon-on-the-mount-13,"Sermon on the Mount, 13, Upon Our Lord's",https://www.resourceumc.org/en/content/sermon-33-upon-our-lords-sermon-on-the-mount-13
34,sermon-34-the-original-nature-property-and-use-of-the-law,"Original, Nature, Property, and Use of the Law, The",https://www.resourceumc.org/en/content/sermon-34-the-original-nature-property-and-use-of-the-law
35,sermon-35-the-law-established-through-faith-1,"Law Established Through Faith, 1, The",https://www.resourceumc.org/en/content/sermon-35-the-law-established-through-faith-1
36,sermon-36-the-law-established-through-faith-2,"Law Established Through Faith, 2, The",https://www.resourceumc.org/en/content/sermon-36-the-law-established-through-faith-2
37,sermon-37-the-nature-of-enthusiasm,"Nature of Enthusiasm, The",https://www.resourceumc.org/en/content/sermon-37-the-nature-of-enthusiasm
38,sermon-38-a-caution-against-bigotry,"Caution Against Bigotry, A",https://www.resourceumc.org/en/content/sermon-38-a-caution-against-bigotry
39,sermon-39-catholic-spirit,Catholic Spirit,https://www.resourceumc.org/en/content/sermon-39-catholic-spirit
40,sermon-40-christian-perfection,Christian Perfection,https://www.resourceumc.org/en/content/sermon-40-christian-perfection
41,sermon-41-wandering-thoughts,Wandering Thoughts,https://www.resourceumc.org/en/content/sermon-41-wandering-thoughts
42,sermon-42-satans-devices,Satan's Devices,https://www.resourceumc.org/en/content/sermon-42-satans-devices
43,sermon-43-the-scripture-way-of-salvation,"Scripture Way of Salvation, The",https://www.resourceumc.org/en/content/sermon-43-the-scripture-way-of-salvation
44,sermon-44-original-sin,Original Sin,https://www.resourceumc.org/en/content/sermon-44-original-sin
45,sermon-45-the-new-birth,"New Birth, The",https://www.resourceumc.org/en/content/sermon-45-the-new-birth
46,sermon-46-the-wilderness-state,"Wilderness State, The",https://www.resourceumc.org/en/content/sermon-46-the-wilderness-state
47,sermon-47-heaviness-through-manifold-temptations,Heaviness Through Manifold Temptations,https://www.resourceumc.org/en/content/sermon-47-heaviness-through-manifold-temptations
48,sermon-48-self-denial,Self-Denial,https://www.resourceumc.org/en/content/sermon-48-self-denial
49,sermon-49-the-cure-of-evil-speaking,"Cure of Evil Speaking, The",https://www.resourceumc.org/en/content/sermon-49-the-cure-of-evil-speaking
50,sermon-50-the-use-of-money,"Use of Money, The",https://www.resourceumc.org/en/content/sermon-50-the-use-of-money
51,sermon-51-the-good-steward,"Good Steward, The",https://www.resourceumc.org/en/content/sermon-51-the-good-steward
52,sermon-52-the-reformation-of-manners,"Reformation of Manners, The",https://www.resourceumc.org/en/content/sermon-52-the-reformation-of-manners
53,sermon-53-on-the-death-of-the-rev-mr-george-whitefield,On the Death of Mr. Whitefield,https://www.resourceumc.org/en/content/sermon-53-on-the-death-of-the-rev-mr-george-whitefield
54,sermon-54-on-eternity,On Eternity,https://www.resourceumc.org/en/content/sermon-54-on-eternity
55,sermon-55-on-the-trinity,On the Trinity,https://www.resourceumc.org/en/content/sermon-55-on-the-trinity
56,sermon-56-gods-approbation-of-his-work,God's Approbation of His Work,https://www.resourceumc.org/en/content/sermon-56-gods-approbation-of-his-work
57,sermon-57-on-the-fall-of-man,On the Fall of Man,https://www.resourceumc.org/en/content/sermon-57-on-the-fall-of-man
58,sermon-58-on-predestination,On Predestination,https://www.resourceumc.org/en/content/sermon-58-on-predestination
59,sermon-59-gods-love-to-fallen-man,God's Love to Fallen Man,https://www.resourceumc.org/en/content/sermon-59-gods-love-to-fallen-man
60,sermon-60-the-general-deliverence,"General Deliverance, The",https://www.resourceumc.org/en/content/sermon-60-the-general-deliverence
61,sermon-61-the-mystery-of-iniquity,"Mystery of Iniquity, The",https://www.resourceumc.org/en/content/sermon-61-the-mystery-of-iniquity
62,sermon-62-the-end-of-christs-coming,"End of Christ's Coming, The",https://www.resourceumc.org/en/content/sermon-62-the-end-of-christs-coming
63,sermon-63-the-general-spread-of-the-gospel,"General Spread of the Gospel, The",https://www.resourceumc.org/en/content/sermon-63-the-general-spread-of-the-gospel
64,sermon-64-the-new-creation,"New Creation, The",https://www.resourceumc.org/en/content/sermon-64-the-new-creation
65,sermon-65-the-duty-of-reproving-our-neighbor,"Duty of Reproving our Neighbor, The",https://www.resourceumc.org/en/content/sermon-65-the-duty-of-reproving-our-neighbor
66,sermon-66-the-signs-of-the-times,"Signs of the Times, The",https://www.resourceumc.org/en/content/sermon-66-the-signs-of-the-times
67,sermon-67-on-divine-providence,On Divine Providence,https://www.resourceumc.org/en/content/sermon-67-on-divine-providence
68,sermon-68-the-wisdom-of-gods-counsels,"Wisdom of God's Counsels, The",https://www.resourceumc.org/en/content/sermon-68-the-wisdom-of-gods-counsels
69,sermon-69-the-imperfection-of-human-knowledge,"Imperfection of Human Knowledge, The",https://www.resourceumc.org/en/content/sermon-69-the-imperfection-of-human-knowledge
70,sermon-70-the-case-of-reason-impartially-considered,"Case of Reason Impartially Considered, The",https://www.resourceumc.org/en/content/sermon-70-the-case-of-reason-impartially-considered
71,sermon-71-of-good-angels,Of Good Angels,https://www.resourceumc.org/en/content/sermon-71-of-good-angels
72,sermon-72-of-evil-angels,Of Evil Angels,https://www.resourceumc.org/en/content/sermon-72-of-evil-angels
73,sermon-73-of-hell,Of Hell,https://www.resourceumc.org/en/content/sermon-73-of-hell
74,sermon-74-of-the-church,Of the Church,https://www.resourceumc.org/en/content/sermon-74-of-the-church
75,sermon-75-on-schism,On Schism,https://www.resourceumc.org/en/content/sermon-75-on-schism
76,sermon-76-on-perfection,On Perfection,https://www.resourceumc.org/en/content/sermon-76-on-perfection
77,sermon-77-spiritual-worship,Spiritual Worship,https://www.resourceumc.org/en/content/sermon-77-spiritual-worship
78,sermon-78-spiritual-idolatry,Spiritual Idolatry,https://www.resourceumc.org/en/content/sermon-78-spiritual-idolatry
79,sermon-79-on-dissipation,On Dissipation,https://www.resourceumc.org/en/content/sermon-79-on-dissipation
80,sermon-80-on-friendship-with-the-world,On Friendship with the World,https://www.resourceumc.org/en/content/sermon-80-on-friendship-with-the-world
81,sermon-81-in-what-sense-we-are-to-leave-the-world,In What Sense We Are to Leave the World,https://www.resourceumc.org/en/content/sermon-81-in-what-sense-we-are-to-leave-the-world
82,sermon-82-on-temptation,On Temptation,https://www.resourceumc.org/en/content/sermon-82-on-temptation
83,sermon-83-on-patience,On Patience,https://www.resourceumc.org/en/content/sermon-83-on-patience
84,sermon-84-the-important-question,"Important Question, The",https://www.resourceumc.org/en/content/sermon-84-the-important-question
85,sermon-85-on-working-out-our-own-salvation,On Working Out Our Own Salvation,https://www.resourceumc.org/en/content/sermon-85-on-working-out-our-own-salvation
86,sermon-86-a-call-to-backsliders,"Call to Backsliders, A",https://www.resourceumc.org/en/content/sermon-86-a-call-to-backsliders
87,sermon-87-the-danger-of-riches,"Danger of Riches, The",https://www.resourceumc.org/en/content/sermon-87-the-danger-of-riches
88,sermon-88-on-dress,On Dress,https://www.resourceumc.org/en/content/sermon-88-on-dress
89,sermon-89-the-more-excellent-way,"More Excellent Way, The",https://www.resourceumc.org/en/content/sermon-89-the-more-excellent-way
90,sermon-90-an-israelite-indeed,"Israelite Indeed, An",https://www.resourceumc.org/en/content/sermon-90-an-israelite-indeed
91,sermon-91-on-charity,On Charity,https://www.resourceumc.org/en/content/sermon-91-on-charity
92,sermon-92-on-zeal,On Zeal,https://www.resourceumc.org/en/content/sermon-92-on-zeal
93,sermon-93-on-redeeming-the-time,On Redeeming the Time,https://www.resourceumc.org/en/content/sermon-93-on-redeeming-the-time
94,sermon-94-on-family-religion,On Family Religion,https://www.resourceumc.org/en/content/sermon-94-on-family-religion
95,sermon-95-on-the-education-of-children,On the Education of Children,https://www.resourceumc.org/en/content/sermon-95-on-the-education-of-children
96,sermon-96-on-obedience-to-parents,On Obedience to Parents,https://www.resourceumc.org/en/content/sermon-96-on-obedience-to-parents
97,sermon-97-on-obedience-to-pastors,On Obedience to Pastors,https://www.resourceumc.org/en/content/sermon-97-on-obedience-to-pastors
98,sermon-98-on-visiting-the-sick,On Visiting the Sick,https://www.resourceumc.org/en/content/sermon-98-on-visiting-the-sick
99,sermon-99-the-reward-of-the-righteous,"Reward of Righteousness, The",https://www.resourceumc.org/en/content/sermon-99-the-reward-of-the-righteous
100,sermon-100-on-pleasing-all-men,On Pleasing All Men,https://www.resourceumc.org/en/content/sermon-100-on-pleasing-all-men
101,sermon-101-the-duty-of-constant-communion,"Duty of Constant Communion, The",https://www.resourceumc.org/en/content/sermon-101-the-duty-of-constant-communion
102,sermon-102-of-former-times,Of Former Times,https://www.resourceumc.org/en/content/sermon-102-of-former-times
103,sermon-103-what-is-man,What Is Man?,https://www.resourceumc.org/en/content/sermon-103-what-is-man
104,sermon-104-on-attending-the-church-service,On Attending the Church Service,https://www.resourceumc.org/en/content/sermon-104-on-attending-the-church-service
105,sermon-105-on-conscience,On Conscience,https://www.resourceumc.org/en/content/sermon-105-on-conscience
106,sermon-106-on-faith,On Faith,https://www.resourceumc.org/en/content/sermon-106-on-faith
107,sermon-107-on-gods-vineyard,On God's Vineyard,https://www.resourceumc.org/en/content/sermon-107-on-gods-vineyard
108,sermon-108-on-riches,On Riches,https://www.resourceumc.org/en/content/sermon-108-on-riches
109,sermon-109-what-is-man,What Is Man?,https://www.resourceumc.org/en/content/sermon-109-what-is-man
110,sermon-110-on-the-discoveries-of-faith,On the Discoveries of Faith,https://www.resourceumc.org/en/content/sermon-110-on-the-discoveries-of-faith
111,sermon-111-on-the-omnipresence-of-god,On the Omnipresence of God,https://www.resourceumc.org/en/content/sermon-111-on-the-omnipresence-of-god
112,sermon-112-the-rich-man-and-lazarus,"Rich Man and Lazarus, The",https://www.resourceumc.org/en/content/sermon-112-the-rich-man-and-lazarus
113,sermon-113-the-difference-between-walking-by-sight-and-walking-by-faith,"Walking by Sight, and Walking by Faith",https://www.resourceumc.org/en/content/sermon-113-the-difference-between-walking-by-sight-and-walking-by-faith
114,sermon-114-the-unity-of-the-divine-being,"Unity of the Divine Being, The",https://www.resourceumc.org/en/content/sermon-114-the-unity-of-the-divine-being
115,sermon-115-the-ministerial-office,"Ministerial Office, The",https://www.resourceumc.org/en/content/sermon-115-the-ministerial-office
116,sermon-116-causes-of-the-inefficacy-of-christianity,Causes of the Inefficacy of Christianity,https://www.resourceumc.org/en/content/sermon-116-causes-of-the-inefficacy-of-christianity
117,sermon-117-on-knowing-christ-after-the-flesh,On Knowing Christ After the Flesh,https://www.resourceumc.org/en/content/sermon-117-on-knowing-christ-after-the-flesh
118,sermon-118-on-a-single-eye,On the Single Eye,https://www.resourceumc.org/en/content/sermon-118-on-a-single-eye
119,sermon-119-on-worldly-folly,On Worldly Folly,https://www.resourceumc.org/en/content/sermon-119-on-worldly-folly
120,sermon-120-on-the-wedding-garment,On the Wedding Garment,https://www.resourceumc.org/en/content/sermon-120-on-the-wedding-garment
121,sermon-121-human-life-a-dream,Human Life a Dream,https://www.resourceumc.org/en/content/sermon-121-human-life-a-dream
122,sermon-122-on-faith,On Faith,https://www.resourceumc.org/en/content/sermon-122-on-faith
123,sermon-123-the-deceitfulness-of-the-human-heart,On the Deceitfulness of the Human Heart,https://www.resourceumc.org/en/content/sermon-123-the-deceitfulness-of-the-human-heart
124,sermon-124-the-heavenly-treasure-in-earthen-vessels,"Heavenly Treasure in Earthen Vessels, The",https://www.resourceumc.org/en/content/sermon-124-the-heavenly-treasure-in-earthen-vessels
125,sermon-125-on-living-without-god,On Living Without God,https://www.resourceumc.org/en/content/sermon-125-on-living-without-god
126,sermon-126-on-the-danger-of-increasing-riches,On the Danger of Increasing Riches,https://www.resourceumc.org/en/content/sermon-126-on-the-danger-of-increasing-riches
127,sermon-127-the-trouble-and-rest-of-good-men,"Trouble and Rest of Good Men, The",https://www.resourceumc.org/en/content/sermon-127-the-trouble-and-rest-of-good-men
128,sermon-128-free-grace,Free Grace,https://www.resourceumc.org/en/content/sermon-128-free-grace
129,sermon-129-the-cause-and-cure-of-earthquakes,"Cause and Cure of Earthquakes, The",https://www.resourceumc.org/en/content/sermon-129-the-cause-and-cure-of-earthquakes
130,sermon-130-national-sins-and-miseries,National Sins and Miseries,https://www.resourceumc.org/en/content/sermon-130-national-sins-and-miseries
131,sermon-131-the-late-work-of-god-in-north-america,"Late Work of God in North America, The",https://www.resourceumc.org/en/content/sermon-131-the-late-work-of-god-in-north-america
132,sermon-132-on-laying-the-foundation-of-the-new-chapel-near-the-city-road-london,On Laying the Foundation of the New Chapel,https://www.resourceumc.org/en/content/sermon-132-on-laying-the-foundation-of-the-new-chapel-near-the-city-road-london
133,sermon-133-on-the-death-of-the-rev-mr-john-fletcher,On the Death of Rev. Mr. John Fletcher,https://www.resourceumc.org/en/content/sermon-133-on-the-death-of-the-rev-mr-john-fletcher
134,sermon-134-true-christianity-defended,True Christianity Defended,https://www.resourceumc.org/en/content/sermon-134-true-christianity-defended
135,sermon-135-on-mourning-the-dead,On Mourning the Dead,https://www.resourceumc.org/en/content/sermon-135-on-mourning-the-dead
136,sermon-136-on-corrupting-the-word-of-god,On Corrupting the Word of God,https://www.resourceumc.org/en/content/sermon-136-on-corrupting-the-word-of-god
137,sermon-137-on-the-resurrection-of-the-dead,On the Resurrection of the Dead,https://www.resourceumc.org/en/content/sermon-137-on-the-resurrection-of-the-dead
138,sermon-138-on-grieving-the-holy-spirit,On Grieving the Holy Spirit,https://www.resourceumc.org/en/content/sermon-138-on-grieving-the-holy-spirit
139,sermon-139-on-love,On Love,https://www.resourceumc.org/en/content/sermon-139-on-love
140,sermon-140-on-public-diversions,On Public Diversions,https://www.resourceumc.org/en/content/sermon-140-on-public-diversions
141,sermon-141-on-the-holy-spirit,On the Holy Spirit,https://www.resourceumc.org/en/content/sermon-141-on-the-holy-spirit
