passage_id,reference,book,chapter,verse_start,verse_end,source_title,author
jw-character-012,John 14:21,John,14,21,21,The Character of a Methodist,john-wesley
jw-plain-account-012,Zechariah 12:8,Zechariah,12,8,8,A Plain Account of Christian Perfection,john-wesley
jw-plain-account-027,Deuteronomy 6:5,Deuteronomy,6,5,5,A Plain Account of Christian Perfection,john-wesley
jw-plain-account-027,Ezekiel 36:29,Ezekiel,36,29,29,A Plain Account of Christian Perfection,john-wesley
jw-plain-account-028,Ezekiel 36:25-29,Ezekiel,36,25,29,A Plain Account of Christian Perfection,john-wesley
jw-plain-account-028,Deuteronomy 30:6,Deuteronomy,30,6,6,A Plain Account of Christian Perfection,john-wesley
jw-plain-account-029,1 John 3:8,1 John,3,8,8,A Plain Account of Christian Perfection,john-wesley
jw-plain-account-029,Ephesians 5:25-27,Ephesians,5,25,27,A Plain Account of Christian Perfection,john-wesley
jw-plain-account-029,Romans 8:3-4,Romans,8,3,4,A Plain Account of Christian Perfection,john-wesley
jw-plain-account-029,John 17:20-23,John,17,20,23,A Plain Account of Christian Perfection,john-wesley
jw-plain-account-029,Ephesians 3:14,Ephesians,3,14,14,A Plain Account of Christian Perfection,john-wesley
jw-plain-account-029,1 Thessalonians 5:23,1 Thessalonians,5,23,23,A Plain Account of Christian Perfection,john-wesley
jw-plain-account-030,Matthew 5:48,Matthew,5,48,48,A Plain Account of Christian Perfection,john-wesley
jw-plain-account-030,Matthew 12:37,Matthew,12,37,37,A Plain Account of Christian Perfection,john-wesley
jw-plain-account-030,Titus 2:11-14,Titus,2,11,14,A Plain Account of Christian Perfection,john-wesley
jw-plain-account-030,Luke 1:69,Luke,1,69,69,A Plain Account of Christian Perfection,john-wesley
jw-plain-account-030,1 John 4:17,1 John,4,17,17,A Plain Account of Christian Perfection,john-wesley
jw-plain-account-035,Romans 13:10,Romans,13,10,10,A Plain Account of Christian Perfection,john-wesley
jw-plain-account-041,John 14:12,John,14,12,12,A Plain Account of Christian Perfection,john-wesley
jw-plain-account-051,John 7:39,John,7,39,39,A Plain Account of Christian Perfection,john-wesley
jw-plain-account-051,1 Peter 1:11,1 Peter,1,11,11,A Plain Account of Christian Perfection,john-wesley
jw-plain-account-051,Jeremiah 31:31,Jeremiah,31,31,31,A Plain Account of Christian Perfection,john-wesley
jw-plain-account-051,Hebrews 8:10,Hebrews,8,10,10,A Plain Account of Christian Perfection,john-wesley
jw-plain-account-051,Romans 8:4,Romans,8,4,4,A Plain Account of Christian Perfection,john-wesley
jw-plain-account-053,Galatians 5:5,Galatians,5,5,5,A Plain Account of Christian Perfection,john-wesley
jw-plain-account-054,Mark 16:6-7,Mark,16,6,7,A Plain Account of Christian Perfection,john-wesley
jw-plain-account-058,Romans 10:4,Romans,10,4,4,A Plain Account of Christian Perfection,john-wesley
jw-plain-account-060,Romans 7:4,Romans,7,4,4,A Plain Account of Christian Perfection,john-wesley
jw-plain-account-060,1 Corinthians 9:21,1 Corinthians,9,21,21,A Plain Account of Christian Perfection,john-wesley
jw-plain-account-060,Romans 13:9-10,Romans,13,9,10,A Plain Account of Christian Perfection,john-wesley
jw-plain-account-060,1 Timothy 1:5,1 Timothy,1,5,5,A Plain Account of Christian Perfection,john-wesley
jw-plain-account-063,Hebrews 10:14,Hebrews,10,14,14,A Plain Account of Christian Perfection,john-wesley
jw-plain-account-066,1 Corinthians 2:12,1 Corinthians,2,12,12,A Plain Account of Christian Perfection,john-wesley
jw-plain-account-066,Romans 8:16,Romans,8,16,16,A Plain Account of Christian Perfection,john-wesley
jw-plain-account-067,1 John 5:19,1 John,5,19,19,A Plain Account of Christian Perfection,john-wesley
jw-plain-account-067,Hebrews 10:29,Hebrews,10,29,29,A Plain Account of Christian Perfection,john-wesley
jw-plain-account-067,1 John 2:15,1 John,2,15,15,A Plain Account of Christian Perfection,john-wesley
jw-plain-account-067,1 Thessalonians 5:16,1 Thessalonians,5,16,16,A Plain Account of Christian Perfection,john-wesley
jw-plain-account-067,Ephesians 4:30,Ephesians,4,30,30,A Plain Account of Christian Perfection,john-wesley
jw-plain-account-069,Ephesians 1:13,Ephesians,1,13,13,A Plain Account of Christian Perfection,john-wesley
jw-plain-account-070,Ezekiel 36:25-26,Ezekiel,36,25,26,A Plain Account of Christian Perfection,john-wesley
jw-plain-account-081,1 Corinthians 12:25,1 Corinthians,12,25,25,A Plain Account of Christian Perfection,john-wesley
jw-plain-account-083,Philippians 1:29,Philippians,1,29,29,A Plain Account of Christian Perfection,john-wesley
jw-plain-account-091,Hebrews 6:1,Hebrews,6,1,1,A Plain Account of Christian Perfection,john-wesley
jw-plain-account-091,Philippians 3:15,Philippians,3,15,15,A Plain Account of Christian Perfection,john-wesley
jw-plain-account-092,1 John 4:18,1 John,4,18,18,A Plain Account of Christian Perfection,john-wesley
jw-plain-account-092,1 Thessalonians 5:16,1 Thessalonians,5,16,16,A Plain Account of Christian Perfection,john-wesley
jw-sermon-001-001,Luke 4:34,Luke,4,34,34,Salvation by Faith,john-wesley
jw-sermon-001-004,1 John 3:5,1 John,3,5,5,Salvation by Faith,john-wesley
jw-sermon-001-004,1 John 5:18,1 John,5,18,18,Salvation by Faith,john-wesley
jw-sermon-001-007,Romans 3:27,Romans,3,27,27,Salvation by Faith,john-wesley
jw-sermon-001-007,Romans 4:5,Romans,4,5,5,Salvation by Faith,john-wesley
jw-sermon-001-007,Ephesians 2:4,Ephesians,2,4,4,Salvation by Faith,john-wesley
jw-sermon-003-000,Ephesians 5:14,Ephesians,5,14,14,Awake Thou That Sleepest,john-wesley
jw-sermon-003-010,Ezekiel 36:27,Ezekiel,36,27,27,Awake Thou That Sleepest,john-wesley
jw-sermon-003-010,Isaiah 44:3,Isaiah,44,3,3,Awake Thou That Sleepest,john-wesley
jw-sermon-003-011,John 14:17,John,14,17,17,Awake Thou That Sleepest,john-wesley
jw-sermon-004-000,Acts 4:31,Acts,4,31,31,Scriptural Christianity,john-wesley
jw-sermon-004-000,Acts 2:1-6,Acts,2,1,6,Scriptural Christianity,john-wesley
jw-sermon-004-000,1 Corinthians 12:9-10,1 Corinthians,12,9,10,Scriptural Christianity,john-wesley
jw-sermon-004-000,1 Corinthians 12:28-30,1 Corinthians,12,28,30,Scriptural Christianity,john-wesley
jw-sermon-004-001,Galatians 5:22-24,Galatians,5,22,24,Scriptural Christianity,john-wesley
jw-sermon-004-001,1 Thessalonians 1:3,1 Thessalonians,1,3,3,Scriptural Christianity,john-wesley
jw-sermon-004-002,Hebrews 11:1,Hebrews,11,1,1,Scriptural Christianity,john-wesley
jw-sermon-004-002,Romans 8:15,Romans,8,15,15,Scriptural Christianity,john-wesley
jw-sermon-004-002,1 Corinthians 12:3,1 Corinthians,12,3,3,Scriptural Christianity,john-wesley
jw-sermon-004-002,Romans 8:16,Romans,8,16,16,Scriptural Christianity,john-wesley
jw-sermon-004-002,Galatians 2:20,Galatians,2,20,20,Scriptural Christianity,john-wesley
jw-sermon-004-002,Romans 5:1,Romans,5,1,1,Scriptural Christianity,john-wesley
jw-sermon-004-002,Philippians 1:23,Philippians,1,23,23,Scriptural Christianity,john-wesley
jw-sermon-004-002,Hebrews 2:15,Hebrews,2,15,15,Scriptural Christianity,john-wesley
jw-sermon-004-003,Romans 5:5,Romans,5,5,5,Scriptural Christianity,john-wesley
jw-sermon-004-003,Galatians 4:6,Galatians,4,6,6,Scriptural Christianity,john-wesley
jw-sermon-004-003,1 John 5:10,1 John,5,10,10,Scriptural Christianity,john-wesley
jw-sermon-004-003,1 John 3:1,1 John,3,1,1,Scriptural Christianity,john-wesley
jw-sermon-004-003,1 John 4:11,1 John,4,11,11,Scriptural Christianity,john-wesley
jw-sermon-004-003,Psalms 145:9,Psalms,145,9,9,Scriptural Christianity,john-wesley
jw-sermon-004-004,1 Corinthians 13:4,1 Corinthians,13,4,4,Scriptural Christianity,john-wesley
jw-sermon-004-005,Matthew 25:40,Matthew,25,40,40,Scriptural Christianity,john-wesley
jw-sermon-004-005,Acts 2:42,Acts,2,42,42,Scriptural Christianity,john-wesley
jw-sermon-004-005,Acts 4:31-35,Acts,4,31,35,Scriptural Christianity,john-wesley
jw-sermon-004-006,Matthew 5:13-16,Matthew,5,13,16,Scriptural Christianity,john-wesley
jw-sermon-004-006,1 Peter 2:25,1 Peter,2,25,25,Scriptural Christianity,john-wesley
jw-sermon-004-006,Galatians 6:10,Galatians,6,10,10,Scriptural Christianity,john-wesley
jw-sermon-004-006,Acts 17:30,Acts,17,30,30,Scriptural Christianity,john-wesley
jw-sermon-004-006,Ezekiel 18:30,Ezekiel,18,30,30,Scriptural Christianity,john-wesley
jw-sermon-004-006,Acts 24:25,Acts,24,25,25,Scriptural Christianity,john-wesley
jw-sermon-004-007,Hebrews 12:14,Hebrews,12,14,14,Scriptural Christianity,john-wesley
jw-sermon-004-008,John 7:7,John,7,7,7,Scriptural Christianity,john-wesley
jw-sermon-004-008,1 Peter 4:4,1 Peter,4,4,4,Scriptural Christianity,john-wesley
jw-sermon-004-008,Acts 19:25,Acts,19,25,25,Scriptural Christianity,john-wesley
jw-sermon-004-008,Acts 24:5,Acts,24,5,5,Scriptural Christianity,john-wesley
jw-sermon-004-008,Acts 21:28,Acts,21,28,28,Scriptural Christianity,john-wesley
jw-sermon-004-008,Acts 17:6,Acts,17,6,6,Scriptural Christianity,john-wesley
jw-sermon-004-009,Luke 6:22,Luke,6,22,22,Scriptural Christianity,john-wesley
jw-sermon-004-009,Acts 27:22,Acts,27,22,22,Scriptural Christianity,john-wesley
jw-sermon-004-009,Matthew 5:12,Matthew,5,12,12,Scriptural Christianity,john-wesley
jw-sermon-004-009,Hebrews 10:34,Hebrews,10,34,34,Scriptural Christianity,john-wesley
jw-sermon-004-009,Matthew 16:18,Matthew,16,18,18,Scriptural Christianity,john-wesley
jw-sermon-004-010,1 Peter 1:10-11,1 Peter,1,10,11,Scriptural Christianity,john-wesley
jw-sermon-004-010,Isaiah 2:1-4,Isaiah,2,1,4,Scriptural Christianity,john-wesley
jw-sermon-004-010,Isaiah 11:10-12,Isaiah,11,10,12,Scriptural Christianity,john-wesley
jw-sermon-004-010,Isaiah 11:6-9,Isaiah,11,6,9,Scriptural Christianity,john-wesley
jw-sermon-004-011,Romans 11:1-11,Romans,11,1,11,Scriptural Christianity,john-wesley
jw-sermon-004-011,Psalms 85:10,Psalms,85,10,10,Scriptural Christianity,john-wesley
jw-sermon-004-013,Isaiah 60:1-16,Isaiah,60,1,16,Scriptural Christianity,john-wesley
jw-sermon-004-018,1 Timothy 4:12,1 Timothy,4,12,12,Scriptural Christianity,john-wesley
jw-sermon-005-000,Romans 4:5,Romans,4,5,5,Justification by Faith,john-wesley
jw-sermon-006-000,Romans 10:5-8,Romans,10,5,8,The Righteousness of Faith,john-wesley
jw-sermon-006-000,Deuteronomy 30:11-12,Deuteronomy,30,11,12,The Righteousness of Faith,john-wesley
jw-sermon-006-004,Genesis 3:15,Genesis,3,15,15,The Righteousness of Faith,john-wesley
jw-sermon-006-004,Genesis 12:15-18,Genesis,12,15,18,The Righteousness of Faith,john-wesley
jw-sermon-006-005,Genesis 15:6,Genesis,15,6,6,The Righteousness of Faith,john-wesley
jw-sermon-006-005,Romans 4:11,Romans,4,11,11,The Righteousness of Faith,john-wesley
jw-sermon-006-005,Romans 4:23-25,Romans,4,23,25,The Righteousness of Faith,john-wesley
jw-sermon-007-000,Mark 1:15,Mark,1,15,15,The Way to the Kingdom,john-wesley
jw-sermon-007-000,Romans 14:17,Romans,14,17,17,The Way to the Kingdom,john-wesley
jw-sermon-007-000,Acts 21:20,Acts,21,20,20,The Way to the Kingdom,john-wesley
jw-sermon-007-000,Acts 15:1-24,Acts,15,1,24,The Way to the Kingdom,john-wesley
jw-sermon-007-003,Mark 12:30,Mark,12,30,30,The Way to the Kingdom,john-wesley
jw-sermon-007-006,1 John 5:11-12,1 John,5,11,12,The Way to the Kingdom,john-wesley
jw-sermon-007-006,John 17:3,John,17,3,3,The Way to the Kingdom,john-wesley
jw-sermon-007-006,Matthew 28:20,Matthew,28,20,20,The Way to the Kingdom,john-wesley
jw-sermon-008-000,Romans 8:1,Romans,8,1,1,The First Fruits of the Spirit,john-wesley
jw-sermon-008-000,1 Corinthians 2:12,1 Corinthians,2,12,12,The First Fruits of the Spirit,john-wesley
jw-sermon-008-001,Galatians 5:19,Galatians,5,19,19,The First Fruits of the Spirit,john-wesley
jw-sermon-008-005,Galatians 5:18,Galatians,5,18,18,The First Fruits of the Spirit,john-wesley
jw-sermon-008-005,1 Timothy 1:8-9,1 Timothy,1,8,9,The First Fruits of the Spirit,john-wesley
jw-sermon-008-006,1 Corinthians 1:2-9,1 Corinthians,1,2,9,The First Fruits of the Spirit,john-wesley
jw-sermon-008-006,1 Corinthians 3:1,1 Corinthians,3,1,1,The First Fruits of the Spirit,john-wesley
jw-sermon-008-006,1 John 3:24,1 John,3,24,24,The First Fruits of the Spirit,john-wesley
jw-sermon-009-000,Romans 8:15,Romans,8,15,15,The Spirit of Bondage and of Adoption,john-wesley
jw-sermon-010-000,Romans 8:16,Romans,8,16,16,"The Witness of the Spirit, Discourse I",john-wesley
jw-sermon-010-002,1 Corinthians 14:20,1 Corinthians,14,20,20,"The Witness of the Spirit, Discourse I",john-wesley
jw-sermon-010-002,1 John 2:3,1 John,2,3,3,"The Witness of the Spirit, Discourse I",john-wesley
jw-sermon-010-002,1 John 2:5,1 John,2,5,5,"The Witness of the Spirit, Discourse I",john-wesley
jw-sermon-010-002,1 John 2:29,1 John,2,29,29,"The Witness of the Spirit, Discourse I",john-wesley
jw-sermon-010-002,1 John 3:14,1 John,3,14,14,"The Witness of the Spirit, Discourse I",john-wesley
jw-sermon-010-002,1 John 4:13,1 John,4,13,13,"The Witness of the Spirit, Discourse I",john-wesley
jw-sermon-010-002,1 John 3:24,1 John,3,24,24,"The Witness of the Spirit, Discourse I",john-wesley
jw-sermon-010-009,Matthew 3:2,Matthew,3,2,2,"The Witness of the Spirit, Discourse I",john-wesley
jw-sermon-010-009,Mark 1:15,Mark,1,15,15,"The Witness of the Spirit, Discourse I",john-wesley
jw-sermon-010-009,Acts 2:38,Acts,2,38,38,"The Witness of the Spirit, Discourse I",john-wesley
jw-sermon-010-009,Acts 3:19,Acts,3,19,19,"The Witness of the Spirit, Discourse I",john-wesley
jw-sermon-010-010,Ephesians 2:1,Ephesians,2,1,1,"The Witness of the Spirit, Discourse I",john-wesley
jw-sermon-010-010,Ephesians 2:5-6,Ephesians,2,5,6,"The Witness of the Spirit, Discourse I",john-wesley
jw-sermon-010-012,1 John 5:3,1 John,5,3,3,"The Witness of the Spirit, Discourse I",john-wesley
jw-sermon-010-012,John 14:21,John,14,21,21,"The Witness of the Spirit, Discourse I",john-wesley
jw-sermon-010-014,1 Corinthians 2:14,1 Corinthians,2,14,14,"The Witness of the Spirit, Discourse I",john-wesley
jw-sermon-010-015,Acts 23:1,Acts,23,1,1,"The Witness of the Spirit, Discourse I",john-wesley
jw-sermon-010-015,Galatians 5:22-23,Galatians,5,22,23,"The Witness of the Spirit, Discourse I",john-wesley
jw-sermon-010-015,1 John 1:7,1 John,1,7,7,"The Witness of the Spirit, Discourse I",john-wesley
jw-sermon-010-015,Colossians 3:12-14,Colossians,3,12,14,"The Witness of the Spirit, Discourse I",john-wesley
jw-sermon-010-015,Ephesians 6:11,Ephesians,6,11,11,"The Witness of the Spirit, Discourse I",john-wesley
jw-sermon-010-015,1 John 3:8,1 John,3,8,8,"The Witness of the Spirit, Discourse I",john-wesley
jw-sermon-010-016,Galatians 4:6,Galatians,4,6,6,"The Witness of the Spirit, Discourse I",john-wesley
jw-sermon-010-016,Romans 8:16,Romans,8,16,16,"The Witness of the Spirit, Discourse I",john-wesley
jw-sermon-010-016,1 Corinthians 6:20,1 Corinthians,6,20,20,"The Witness of the Spirit, Discourse I",john-wesley
jw-sermon-010-016,1 John 3:1,1 John,3,1,1,"The Witness of the Spirit, Discourse I",john-wesley
jw-sermon-010-016,Romans 12:1-2,Romans,12,1,2,"The Witness of the Spirit, Discourse I",john-wesley
jw-sermon-011-000,Romans 8:16,Romans,8,16,16,"The Witness of the Spirit, Discourse II",john-wesley
jw-sermon-011-001,1 John 5:11,1 John,5,11,11,"The Witness of the Spirit, Discourse II",john-wesley
jw-sermon-011-004,Galatians 4:6,Galatians,4,6,6,"The Witness of the Spirit, Discourse II",john-wesley
jw-sermon-012-002,Romans 2:14-15,Romans,2,14,15,The Witness of Our Own Spirit,john-wesley
jw-sermon-012-003,Acts 23:1,Acts,23,1,1,The Witness of Our Own Spirit,john-wesley
jw-sermon-012-003,Acts 24:16,Acts,24,16,16,The Witness of Our Own Spirit,john-wesley
jw-sermon-012-004,Hebrews 8:10,Hebrews,8,10,10,The Witness of Our Own Spirit,john-wesley
jw-sermon-012-007,Philippians 3:7-8,Philippians,3,7,8,The Witness of Our Own Spirit,john-wesley
jw-sermon-013-003,Galatians 5:17,Galatians,5,17,17,On Sin in Believers,john-wesley
jw-sermon-013-003,1 Corinthians 1:2,1 Corinthians,1,2,2,On Sin in Believers,john-wesley
jw-sermon-013-003,1 Corinthians 3:1-3,1 Corinthians,3,1,3,On Sin in Believers,john-wesley
jw-sermon-013-004,Revelation 2:2-4,Revelation,2,2,4,On Sin in Believers,john-wesley
jw-sermon-013-004,Revelation 2:13-16,Revelation,2,13,16,On Sin in Believers,john-wesley
jw-sermon-013-004,Revelation 3:2,Revelation,3,2,2,On Sin in Believers,john-wesley
jw-sermon-013-004,Revelation 3:3,Revelation,3,3,3,On Sin in Believers,john-wesley
jw-sermon-013-008,1 Corinthians 6:9-10,1 Corinthians,6,9,10,On Sin in Believers,john-wesley
jw-sermon-013-008,1 Corinthians 6:19,1 Corinthians,6,19,19,On Sin in Believers,john-wesley
jw-sermon-013-010,Romans 8:1,Romans,8,1,1,On Sin in Believers,john-wesley
jw-sermon-013-011,Colossians 1:24,Colossians,1,24,24,On Sin in Believers,john-wesley
jw-sermon-013-011,Hebrews 12:22,Hebrews,12,22,22,On Sin in Believers,john-wesley
jw-sermon-013-011,Galatians 5:24,Galatians,5,24,24,On Sin in Believers,john-wesley
jw-sermon-013-011,Colossians 3:9,Colossians,3,9,9,On Sin in Believers,john-wesley
jw-sermon-013-011,Ephesians 5:25-27,Ephesians,5,25,27,On Sin in Believers,john-wesley
jw-sermon-014-000,Mark 1:15,Mark,1,15,15,The Repentance of Believers,john-wesley
jw-sermon-014-013,Deuteronomy 30:6,Deuteronomy,30,6,6,The Repentance of Believers,john-wesley
jw-sermon-014-014,Ezekiel 36:25,Ezekiel,36,25,25,The Repentance of Believers,john-wesley
jw-sermon-014-014,Luke 1:68,Luke,1,68,68,The Repentance of Believers,john-wesley
jw-sermon-015-000,Romans 14:10,Romans,14,10,10,The Great Assize,john-wesley
jw-sermon-015-002,Acts 2:19,Acts,2,19,19,The Great Assize,john-wesley
jw-sermon-015-002,Isaiah 24:20,Isaiah,24,20,20,The Great Assize,john-wesley
jw-sermon-015-002,Luke 21:2,Luke,21,2,2,The Great Assize,john-wesley
jw-sermon-015-002,Revelation 16:20,Revelation,16,20,20,The Great Assize,john-wesley
jw-sermon-015-002,Luke 21:25,Luke,21,25,25,The Great Assize,john-wesley
jw-sermon-015-002,Joel 2:30,Joel,2,30,30,The Great Assize,john-wesley
jw-sermon-015-002,Luke 21:25-26,Luke,21,25,26,The Great Assize,john-wesley
jw-sermon-015-002,Joel 2:31,Joel,2,31,31,The Great Assize,john-wesley
jw-sermon-015-002,Joel 3:15,Joel,3,15,15,The Great Assize,john-wesley
jw-sermon-015-002,Revelation 6:13,Revelation,6,13,13,The Great Assize,john-wesley
jw-sermon-015-002,1 Thessalonians 4:16,1 Thessalonians,4,16,16,The Great Assize,john-wesley
jw-sermon-015-002,Revelation 20:13,Revelation,20,13,13,The Great Assize,john-wesley
jw-sermon-015-003,1 Corinthians 15:53,1 Corinthians,15,53,53,The Great Assize,john-wesley
jw-sermon-015-003,Revelation 20:13,Revelation,20,13,13,The Great Assize,john-wesley
jw-sermon-015-003,Matthew 24:31,Matthew,24,31,31,The Great Assize,john-wesley
jw-sermon-015-003,Matthew 25:31,Matthew,25,31,31,The Great Assize,john-wesley
jw-sermon-015-003,Revelation 20:12,Revelation,20,12,12,The Great Assize,john-wesley
jw-sermon-015-004,Hebrews 1:3,Hebrews,1,3,3,The Great Assize,john-wesley
jw-sermon-015-004,John 5:22-27,John,5,22,27,The Great Assize,john-wesley
jw-sermon-015-004,Philippians 2:6-7,Philippians,2,6,7,The Great Assize,john-wesley
jw-sermon-015-005,1 Thessalonians 4:16-17,1 Thessalonians,4,16,17,The Great Assize,john-wesley
jw-sermon-015-006,Matthew 12:36-37,Matthew,12,36,37,The Great Assize,john-wesley
jw-sermon-015-008,Ezekiel 18:21-22,Ezekiel,18,21,22,The Great Assize,john-wesley
jw-sermon-015-008,Jeremiah 31:34,Jeremiah,31,34,34,The Great Assize,john-wesley
jw-sermon-015-008,Hebrews 8:12,Hebrews,8,12,12,The Great Assize,john-wesley
jw-sermon-015-011,Revelation 20:11,Revelation,20,11,11,The Great Assize,john-wesley
jw-sermon-015-012,Revelation 4:6,Revelation,4,6,6,The Great Assize,john-wesley
jw-sermon-015-014,Isaiah 65:17,Isaiah,65,17,17,The Great Assize,john-wesley
jw-sermon-015-014,Revelation 21:1,Revelation,21,1,1,The Great Assize,john-wesley
jw-sermon-015-023,John 3:18,John,3,18,18,The Great Assize,john-wesley
jw-sermon-015-023,John 5:24,John,5,24,24,The Great Assize,john-wesley
jw-sermon-015-023,John 9:39,John,9,39,39,The Great Assize,john-wesley
jw-sermon-015-023,John 12:31,John,12,31,31,The Great Assize,john-wesley
jw-means-of-grace-000,Malachi 3:7,Malachi,3,7,7,The Means of Grace,john-wesley
jw-means-of-grace-000,Acts 2:44-42,Acts,2,44,42,The Means of Grace,john-wesley
jw-means-of-grace-004,Matthew 7:7-8,Matthew,7,7,8,The Means of Grace,john-wesley
jw-means-of-grace-004,Matthew 7:9-11,Matthew,7,9,11,The Means of Grace,john-wesley
jw-means-of-grace-004,Luke 11:13,Luke,11,13,13,The Means of Grace,john-wesley
jw-means-of-grace-004,Luke 11:5-7,Luke,11,5,7,The Means of Grace,john-wesley
jw-means-of-grace-005,Luke 18:1-5,Luke,18,1,5,The Means of Grace,john-wesley
jw-means-of-grace-005,Matthew 6:6,Matthew,6,6,6,The Means of Grace,john-wesley
jw-means-of-grace-005,James 4:2,James,4,2,2,The Means of Grace,john-wesley
jw-means-of-grace-005,James 1:5,James,1,5,5,The Means of Grace,john-wesley
jw-means-of-grace-006,John 5:39,John,5,39,39,The Means of Grace,john-wesley
jw-means-of-grace-006,Acts 17:11-12,Acts,17,11,12,The Means of Grace,john-wesley
jw-means-of-grace-008,1 Corinthians 11:23,1 Corinthians,11,23,23,The Means of Grace,john-wesley
jw-means-of-grace-008,1 Corinthians 11:28,1 Corinthians,11,28,28,The Means of Grace,john-wesley
jw-means-of-grace-008,1 Corinthians 10:16,1 Corinthians,10,16,16,The Means of Grace,john-wesley
jw-means-of-grace-011,Isaiah 26:8,Isaiah,26,8,8,The Means of Grace,john-wesley
jw-means-of-grace-011,Exodus 14:10,Exodus,14,10,10,The Means of Grace,john-wesley
jw-means-of-grace-012,Colossians 2:20,Colossians,2,20,20,The Means of Grace,john-wesley
jw-sermon-017-000,Romans 2:29,Romans,2,29,29,The Circumcision of the Heart,john-wesley
jw-sermon-018-000,John 3:8,John,3,8,8,The Marks of the New Birth,john-wesley
jw-sermon-018-000,Galatians 3:26,Galatians,3,26,26,The Marks of the New Birth,john-wesley
jw-sermon-018-000,John 1:12-13,John,1,12,13,The Marks of the New Birth,john-wesley
jw-sermon-018-000,1 John 5:1,1 John,5,1,1,The Marks of the New Birth,john-wesley
jw-sermon-018-004,1 John 3:1,1 John,3,1,1,The Marks of the New Birth,john-wesley
jw-sermon-018-004,1 John 3:9,1 John,3,9,9,The Marks of the New Birth,john-wesley
jw-sermon-018-005,1 John 3:6,1 John,3,6,6,The Marks of the New Birth,john-wesley
jw-sermon-018-005,1 John 3:7,1 John,3,7,7,The Marks of the New Birth,john-wesley
jw-sermon-018-005,1 John 3:18,1 John,3,18,18,The Marks of the New Birth,john-wesley
jw-sermon-018-006,Romans 5:1,Romans,5,1,1,The Marks of the New Birth,john-wesley
jw-sermon-018-006,John 14:27,John,14,27,27,The Marks of the New Birth,john-wesley
jw-sermon-018-006,John 16:33,John,16,33,33,The Marks of the New Birth,john-wesley
jw-sermon-018-007,1 Peter 1:3,1 Peter,1,3,3,The Marks of the New Birth,john-wesley
jw-sermon-018-008,Romans 8:16-17,Romans,8,16,17,The Marks of the New Birth,john-wesley
jw-sermon-018-008,Romans 8:14-16,Romans,8,14,16,The Marks of the New Birth,john-wesley
jw-sermon-018-009,John 16:22,John,16,22,22,The Marks of the New Birth,john-wesley
jw-sermon-018-009,Romans 5:2,Romans,5,2,2,The Marks of the New Birth,john-wesley
jw-sermon-018-009,1 Peter 1:5,1 Peter,1,5,5,The Marks of the New Birth,john-wesley
jw-sermon-018-010,Revelation 21:3-4,Revelation,21,3,4,The Marks of the New Birth,john-wesley
jw-sermon-018-010,Romans 5:5,Romans,5,5,5,The Marks of the New Birth,john-wesley
jw-sermon-018-010,Galatians 4:6,Galatians,4,6,6,The Marks of the New Birth,john-wesley
jw-sermon-018-010,1 John 5:15,1 John,5,15,15,The Marks of the New Birth,john-wesley
jw-sermon-018-011,1 John 5:1,1 John,5,1,1,The Marks of the New Birth,john-wesley
jw-sermon-018-011,Song of Solomon 2:16,Song of Solomon,2,16,16,The Marks of the New Birth,john-wesley
jw-sermon-018-011,1 John 3:16,1 John,3,16,16,The Marks of the New Birth,john-wesley
jw-sermon-018-011,1 John 3:14,1 John,3,14,14,The Marks of the New Birth,john-wesley
jw-sermon-018-011,1 John 4:13,1 John,4,13,13,The Marks of the New Birth,john-wesley
jw-sermon-018-011,1 John 4:7,1 John,4,7,7,The Marks of the New Birth,john-wesley
jw-sermon-018-012,1 John 5:3,1 John,5,3,3,The Marks of the New Birth,john-wesley
jw-sermon-018-015,1 John 3:15,1 John,3,15,15,The Marks of the New Birth,john-wesley
jw-sermon-018-015,Matthew 5:28,Matthew,5,28,28,The Marks of the New Birth,john-wesley
jw-sermon-018-015,James 4:4,James,4,4,4,The Marks of the New Birth,john-wesley
jw-sermon-019-000,1 John 3:9,1 John,3,9,9,The Great Privilege of Those Born of God,john-wesley
jw-sermon-019-007,Acts 4:36-37,Acts,4,36,37,The Great Privilege of Those Born of God,john-wesley
jw-sermon-019-007,Acts 11:29-30,Acts,11,29,30,The Great Privilege of Those Born of God,john-wesley
jw-sermon-019-007,Acts 13:1-4,Acts,13,1,4,The Great Privilege of Those Born of God,john-wesley
jw-sermon-019-007,Acts 15:35-39,Acts,15,35,39,The Great Privilege of Those Born of God,john-wesley
jw-sermon-019-007,Acts 15:39,Acts,15,39,39,The Great Privilege of Those Born of God,john-wesley
jw-sermon-019-008,Acts 10:28,Acts,10,28,28,The Great Privilege of Those Born of God,john-wesley
jw-sermon-019-008,Galatians 2:11,Galatians,2,11,11,The Great Privilege of Those Born of God,john-wesley
jw-sermon-019-011,James 1:14,James,1,14,14,The Great Privilege of Those Born of God,john-wesley
jw-sermon-020-000,Jeremiah 23:6,Jeremiah,23,6,6,The Lord Our Righteousness,john-wesley
jw-sermon-021-000,Matthew 5:1-4,Matthew,5,1,4,Upon Our Lords Sermon on the Mount I,john-wesley
jw-sermon-021-000,Matthew 4:23,Matthew,4,23,23,Upon Our Lords Sermon on the Mount I,john-wesley
jw-sermon-021-000,Matthew 4:12,Matthew,4,12,12,Upon Our Lords Sermon on the Mount I,john-wesley
jw-sermon-021-000,Matthew 4:25,Matthew,4,25,25,Upon Our Lords Sermon on the Mount I,john-wesley
jw-sermon-021-001,Deuteronomy 18:19,Deuteronomy,18,19,19,Upon Our Lords Sermon on the Mount I,john-wesley
jw-sermon-021-001,Acts 3:23,Acts,3,23,23,Upon Our Lords Sermon on the Mount I,john-wesley
jw-sermon-021-003,Matthew 7:28-29,Matthew,7,28,29,Upon Our Lords Sermon on the Mount I,john-wesley
jw-sermon-021-012,Romans 1:18,Romans,1,18,18,Upon Our Lords Sermon on the Mount I,john-wesley
jw-sermon-021-019,Romans 8:35-39,Romans,8,35,39,Upon Our Lords Sermon on the Mount I,john-wesley
jw-sermon-021-020,John 16:19-22,John,16,19,22,Upon Our Lords Sermon on the Mount I,john-wesley
jw-sermon-022-000,Matthew 5:5-7,Matthew,5,5,7,Upon Our Lords Sermon on the Mount II,john-wesley
jw-sermon-022-002,Matthew 5:21,Matthew,5,21,21,Upon Our Lords Sermon on the Mount II,john-wesley
jw-sermon-022-004,Matthew 5:23-24,Matthew,5,23,24,Upon Our Lords Sermon on the Mount II,john-wesley
jw-sermon-022-006,Revelation 20:1-6,Revelation,20,1,6,Upon Our Lords Sermon on the Mount II,john-wesley
jw-sermon-022-013,Exodus 32:31-32,Exodus,32,31,32,Upon Our Lords Sermon on the Mount II,john-wesley
jw-sermon-022-013,Romans 9:3,Romans,9,3,3,Upon Our Lords Sermon on the Mount II,john-wesley
jw-sermon-022-014,Acts 15:39,Acts,15,39,39,Upon Our Lords Sermon on the Mount II,john-wesley
jw-sermon-022-014,Acts 15:39-41,Acts,15,39,41,Upon Our Lords Sermon on the Mount II,john-wesley
jw-sermon-023-000,Matthew 5:8-12,Matthew,5,8,12,Upon Our Lord's Sermon on the Mount III,john-wesley
jw-sermon-023-001,Matthew 5:27,Matthew,5,27,27,Upon Our Lord's Sermon on the Mount III,john-wesley
jw-sermon-023-001,Matthew 5:28,Matthew,5,28,28,Upon Our Lord's Sermon on the Mount III,john-wesley
jw-sermon-023-001,Matthew 5:29,Matthew,5,29,29,Upon Our Lord's Sermon on the Mount III,john-wesley
jw-sermon-023-001,Matthew 5:30,Matthew,5,30,30,Upon Our Lord's Sermon on the Mount III,john-wesley
jw-sermon-023-002,Matthew 5:31-32,Matthew,5,31,32,Upon Our Lord's Sermon on the Mount III,john-wesley
jw-sermon-023-004,Matthew 5:33,Matthew,5,33,33,Upon Our Lord's Sermon on the Mount III,john-wesley
jw-sermon-023-005,Matthew 5:34,Matthew,5,34,34,Upon Our Lord's Sermon on the Mount III,john-wesley
jw-sermon-023-005,Matthew 5:35,Matthew,5,35,35,Upon Our Lord's Sermon on the Mount III,john-wesley
jw-sermon-023-005,Matthew 5:36,Matthew,5,36,36,Upon Our Lord's Sermon on the Mount III,john-wesley
jw-sermon-023-005,Matthew 5:37,Matthew,5,37,37,Upon Our Lord's Sermon on the Mount III,john-wesley
jw-sermon-023-006,Matthew 26:63-64,Matthew,26,63,64,Upon Our Lord's Sermon on the Mount III,john-wesley
jw-sermon-023-006,Hebrews 6:17,Hebrews,6,17,17,Upon Our Lord's Sermon on the Mount III,john-wesley
jw-sermon-023-006,Romans 1:9,Romans,1,9,9,Upon Our Lord's Sermon on the Mount III,john-wesley
jw-sermon-023-006,Philippians 1:8,Philippians,1,8,8,Upon Our Lord's Sermon on the Mount III,john-wesley
jw-sermon-023-006,Hebrews 6:16,Hebrews,6,16,16,Upon Our Lord's Sermon on the Mount III,john-wesley
jw-sermon-023-011,Galatians 4:29,Galatians,4,29,29,Upon Our Lord's Sermon on the Mount III,john-wesley
jw-sermon-023-011,1 John 3:13-14,1 John,3,13,14,Upon Our Lord's Sermon on the Mount III,john-wesley
jw-sermon-023-011,John 15:18,John,15,18,18,Upon Our Lord's Sermon on the Mount III,john-wesley
jw-sermon-023-016,Luke 12:51,Luke,12,51,51,Upon Our Lord's Sermon on the Mount III,john-wesley
jw-sermon-023-020,Matthew 5:38,Matthew,5,38,38,Upon Our Lord's Sermon on the Mount III,john-wesley
jw-sermon-023-021,Matthew 5:43,Matthew,5,43,43,Upon Our Lord's Sermon on the Mount III,john-wesley
jw-sermon-023-021,Luke 17:4,Luke,17,4,4,Upon Our Lord's Sermon on the Mount III,john-wesley
jw-sermon-023-022,Luke 17:4,Luke,17,4,4,Upon Our Lord's Sermon on the Mount III,john-wesley
jw-sermon-023-022,Matthew 18:22,Matthew,18,22,22,Upon Our Lord's Sermon on the Mount III,john-wesley
jw-sermon-023-022,Matthew 5:46,Matthew,5,46,46,Upon Our Lord's Sermon on the Mount III,john-wesley
jw-sermon-023-022,Matthew 5:47,Matthew,5,47,47,Upon Our Lord's Sermon on the Mount III,john-wesley
jw-sermon-023-022,Matthew 5:48,Matthew,5,48,48,Upon Our Lord's Sermon on the Mount III,john-wesley
jw-sermon-024-000,Matthew 5:13-16,Matthew,5,13,16,Upon Our Lord's Sermon on the Mount IV,john-wesley
jw-sermon-024-004,1 Corinthians 5:9,1 Corinthians,5,9,9,Upon Our Lord's Sermon on the Mount IV,john-wesley
jw-sermon-024-005,1 Corinthians 5:11,1 Corinthians,5,11,11,Upon Our Lord's Sermon on the Mount IV,john-wesley
jw-sermon-024-008,John 15:2-5,John,15,2,5,Upon Our Lord's Sermon on the Mount IV,john-wesley
jw-sermon-024-009,Hebrews 6:4,Hebrews,6,4,4,Upon Our Lord's Sermon on the Mount IV,john-wesley
jw-sermon-024-015,1 Corinthians 14:1,1 Corinthians,14,1,1,Upon Our Lord's Sermon on the Mount IV,john-wesley
jw-sermon-024-015,1 Corinthians 12:31,1 Corinthians,12,31,31,Upon Our Lord's Sermon on the Mount IV,john-wesley
jw-sermon-024-019,Ecclesiastes 11:6,Ecclesiastes,11,6,6,Upon Our Lord's Sermon on the Mount IV,john-wesley
jw-sermon-025-000,Matthew 5:17-20,Matthew,5,17,20,Upon Our Lord's Sermon on the Mount V,john-wesley
jw-sermon-025-001,Acts 15:5,Acts,15,5,5,Upon Our Lord's Sermon on the Mount V,john-wesley
jw-sermon-025-001,Acts 15:22,Acts,15,22,22,Upon Our Lord's Sermon on the Mount V,john-wesley
jw-sermon-025-001,Acts 15:28,Acts,15,28,28,Upon Our Lord's Sermon on the Mount V,john-wesley
jw-sermon-025-011,Galatians 5:6,Galatians,5,6,6,Upon Our Lord's Sermon on the Mount V,john-wesley
jw-sermon-025-013,Acts 23:6,Acts,23,6,6,Upon Our Lord's Sermon on the Mount V,john-wesley
jw-sermon-025-013,Acts 26:5,Acts,26,5,5,Upon Our Lord's Sermon on the Mount V,john-wesley
jw-sermon-025-016,Acts 24:16,Acts,24,16,16,Upon Our Lord's Sermon on the Mount V,john-wesley
jw-sermon-025-016,Acts 23:1,Acts,23,1,1,Upon Our Lord's Sermon on the Mount V,john-wesley
jw-sermon-026-000,Matthew 6:1-15,Matthew,6,1,15,Upon Our Lord's Sermon on the Mount VI,john-wesley
jw-sermon-026-006,Luke 11:2,Luke,11,2,2,Upon Our Lord's Sermon on the Mount VI,john-wesley
jw-sermon-026-016,Matthew 6:14-15,Matthew,6,14,15,Upon Our Lord's Sermon on the Mount VI,john-wesley
jw-sermon-026-017,James 1:12-13,James,1,12,13,Upon Our Lord's Sermon on the Mount VI,john-wesley
jw-sermon-027-000,Matthew 6:16-18,Matthew,6,16,18,Upon Our Lord's Sermon on the Mount VII,john-wesley
jw-sermon-027-002,1 Kings 18:28,1 Kings,18,28,28,Upon Our Lord's Sermon on the Mount VII,john-wesley
jw-sermon-027-003,Daniel 1:8,Daniel,1,8,8,Upon Our Lord's Sermon on the Mount VII,john-wesley
jw-sermon-027-004,Leviticus 23:26,Leviticus,23,26,26,Upon Our Lord's Sermon on the Mount VII,john-wesley
jw-sermon-027-004,Zechariah 8:19,Zechariah,8,19,19,Upon Our Lord's Sermon on the Mount VII,john-wesley
jw-sermon-027-004,Jeremiah 36:9,Jeremiah,36,9,9,Upon Our Lord's Sermon on the Mount VII,john-wesley
jw-sermon-027-005,1 Samuel 28:15-20,1 Samuel,28,15,20,Upon Our Lord's Sermon on the Mount VII,john-wesley
jw-sermon-027-005,Acts 27:33,Acts,27,33,33,Upon Our Lord's Sermon on the Mount VII,john-wesley
jw-sermon-027-006,Acts 9:9,Acts,9,9,9,Upon Our Lord's Sermon on the Mount VII,john-wesley
jw-sermon-027-009,Daniel 9:3-16,Daniel,9,3,16,Upon Our Lord's Sermon on the Mount VII,john-wesley
jw-sermon-027-010,Jonah 3:4,Jonah,3,4,4,Upon Our Lord's Sermon on the Mount VII,john-wesley
jw-sermon-027-011,Judges 20:26,Judges,20,26,26,Upon Our Lord's Sermon on the Mount VII,john-wesley
jw-sermon-027-011,1 Samuel 7:6,1 Samuel,7,6,6,Upon Our Lord's Sermon on the Mount VII,john-wesley
jw-sermon-027-011,Nehemiah 1:4-11,Nehemiah,1,4,11,Upon Our Lord's Sermon on the Mount VII,john-wesley
jw-sermon-027-011,Acts 13:1-3,Acts,13,1,3,Upon Our Lord's Sermon on the Mount VII,john-wesley
jw-sermon-027-011,Acts 14:23,Acts,14,23,23,Upon Our Lord's Sermon on the Mount VII,john-wesley
jw-sermon-027-012,Matthew 17:19,Matthew,17,19,19,Upon Our Lord's Sermon on the Mount VII,john-wesley
jw-sermon-027-013,Joel 2:28-29,Joel,2,28,29,Upon Our Lord's Sermon on the Mount VII,john-wesley
jw-sermon-027-022,Acts 10:4,Acts,10,4,4,Upon Our Lord's Sermon on the Mount VII,john-wesley
jw-sermon-027-022,Isaiah 58:6,Isaiah,58,6,6,Upon Our Lord's Sermon on the Mount VII,john-wesley
jw-sermon-028-000,Matthew 6:19-23,Matthew,6,19,23,Upon Our Lord's Sermon on the Mount VIII,john-wesley
jw-sermon-029-000,Matthew 6:24-34,Matthew,6,24,34,Upon Our Lord's Sermon on the Mount IX,john-wesley
jw-sermon-029-013,Philippians 3:8-9,Philippians,3,8,9,Upon Our Lord's Sermon on the Mount IX,john-wesley
jw-sermon-030-000,Matthew 7:1-12,Matthew,7,1,12,Upon Our Lord's Sermon on the Mount X,john-wesley
jw-sermon-030-006,John 7:51,John,7,51,51,Upon Our Lord's Sermon on the Mount X,john-wesley
jw-sermon-031-000,Matthew 7:13-14,Matthew,7,13,14,Upon Our Lord's Sermon on the Mount XI,john-wesley
jw-sermon-031-008,Luke 13:24,Luke,13,24,24,Upon Our Lord's Sermon on the Mount XI,john-wesley
jw-sermon-032-000,Matthew 7:15-20,Matthew,7,15,20,Upon Our Lord's Sermon on the Mount XII,john-wesley
jw-sermon-032-006,Matthew 7:16,Matthew,7,16,16,Upon Our Lord's Sermon on the Mount XII,john-wesley
jw-sermon-032-006,Matthew 5:17,Matthew,5,17,17,Upon Our Lord's Sermon on the Mount XII,john-wesley
jw-sermon-032-006,Matthew 7:20,Matthew,7,20,20,Upon Our Lord's Sermon on the Mount XII,john-wesley
jw-sermon-033-000,Matthew 7:21-27,Matthew,7,21,27,Upon Our Lord's Sermon on the Mount XIII,john-wesley
jw-sermon-033-008,Hebrews 1:10-12,Hebrews,1,10,12,Upon Our Lord's Sermon on the Mount XIII,john-wesley
jw-sermon-034-000,Romans 7:12,Romans,7,12,12,"The Original, Nature, Properties, and Use of the Law",john-wesley
jw-sermon-034-002,Romans 7:1-6,Romans,7,1,6,"The Original, Nature, Properties, and Use of the Law",john-wesley
jw-sermon-034-003,Romans 7:7,Romans,7,7,7,"The Original, Nature, Properties, and Use of the Law",john-wesley
jw-sermon-034-006,Galatians 3:17,Galatians,3,17,17,"The Original, Nature, Properties, and Use of the Law",john-wesley
jw-sermon-034-008,James 1:27,James,1,27,27,"The Original, Nature, Properties, and Use of the Law",john-wesley
jw-sermon-034-009,Romans 7:13,Romans,7,13,13,"The Original, Nature, Properties, and Use of the Law",john-wesley
jw-sermon-034-009,Romans 7:8,Romans,7,8,8,"The Original, Nature, Properties, and Use of the Law",john-wesley
jw-sermon-034-009,Romans 7:9,Romans,7,9,9,"The Original, Nature, Properties, and Use of the Law",john-wesley
jw-sermon-034-012,1 Corinthians 15:28,1 Corinthians,15,28,28,"The Original, Nature, Properties, and Use of the Law",john-wesley
jw-sermon-034-016,Exodus 28:36-38,Exodus,28,36,38,"The Original, Nature, Properties, and Use of the Law",john-wesley
jw-sermon-035-000,Romans 3:31,Romans,3,31,31,The Law Established Through Faith I,john-wesley
jw-sermon-035-004,Acts 13:39-40,Acts,13,39,40,The Law Established Through Faith I,john-wesley
jw-sermon-035-005,Acts 16:29-30,Acts,16,29,30,The Law Established Through Faith I,john-wesley
jw-sermon-035-009,Romans 6:15,Romans,6,15,15,The Law Established Through Faith I,john-wesley
jw-sermon-036-000,Romans 3:31,Romans,3,31,31,The Law Established Through Faith II,john-wesley
jw-sermon-037-000,Acts 26:24,Acts,26,24,24,The Nature of Enthusiasm,john-wesley
jw-sermon-038-000,Mark 9:38-39,Mark,9,38,39,A Caution Against Bigotry,john-wesley
jw-sermon-038-012,Hebrews 5:4,Hebrews,5,4,4,A Caution Against Bigotry,john-wesley
jw-sermon-038-013,1 Timothy 3:10,1 Timothy,3,10,10,A Caution Against Bigotry,john-wesley
jw-catholic-spirit-001,John 13:34-35,John,13,34,35,Catholic Spirit,john-wesley
jw-catholic-spirit-001,1 John 3:11,1 John,3,11,11,Catholic Spirit,john-wesley
jw-sermon-040-000,Philippians 3:12,Philippians,3,12,12,Christian Perfection,john-wesley
jw-sermon-040-000,Acts 20:26-27,Acts,20,26,27,Christian Perfection,john-wesley
jw-sermon-040-000,Philippians 3:15,Philippians,3,15,15,Christian Perfection,john-wesley
jw-sermon-040-001,1 John 3:1,1 John,3,1,1,Christian Perfection,john-wesley
jw-sermon-040-001,Ephesians 3:16,Ephesians,3,16,16,Christian Perfection,john-wesley
jw-sermon-040-001,Proverbs 3:6,Proverbs,3,6,6,Christian Perfection,john-wesley
jw-sermon-040-001,Romans 8:28,Romans,8,28,28,Christian Perfection,john-wesley
jw-sermon-040-001,Acts 24:16,Acts,24,16,16,Christian Perfection,john-wesley
jw-sermon-040-001,Job 26:14,Job,26,14,14,Christian Perfection,john-wesley
jw-sermon-040-001,1 John 5:7,1 John,5,7,7,Christian Perfection,john-wesley
jw-sermon-040-001,Philippians 2:7,Philippians,2,7,7,Christian Perfection,john-wesley
jw-sermon-040-001,Acts 1:7,Acts,1,7,7,Christian Perfection,john-wesley
jw-sermon-040-001,Amos 3:7,Amos,3,7,7,Christian Perfection,john-wesley
jw-sermon-040-002,Psalms 97:2,Psalms,97,2,2,Christian Perfection,john-wesley
jw-sermon-040-002,John 13:7,John,13,7,7,Christian Perfection,john-wesley
jw-sermon-040-002,Job 26:7,Job,26,7,7,Christian Perfection,john-wesley
jw-sermon-040-003,1 Corinthians 13:12,1 Corinthians,13,12,12,Christian Perfection,john-wesley
jw-sermon-040-003,Isaiah 5:20,Isaiah,5,20,20,Christian Perfection,john-wesley
jw-sermon-040-003,Isaiah 35:8,Isaiah,35,8,8,Christian Perfection,john-wesley
jw-sermon-040-004,1 John 2:20,1 John,2,20,20,Christian Perfection,john-wesley
jw-sermon-040-004,Mark 13:32,Mark,13,32,32,Christian Perfection,john-wesley
jw-sermon-040-004,1 John 3:7,1 John,3,7,7,Christian Perfection,john-wesley
jw-sermon-040-004,Mark 13:5,Mark,13,5,5,Christian Perfection,john-wesley
jw-sermon-040-004,Ephesians 5:6,Ephesians,5,6,6,Christian Perfection,john-wesley
jw-sermon-040-004,1 John 2:20,1 John,2,20,20,Christian Perfection,john-wesley
jw-sermon-040-005,Matthew 5:22,Matthew,5,22,22,Christian Perfection,john-wesley
jw-sermon-040-005,1 Peter 3:9,1 Peter,3,9,9,Christian Perfection,john-wesley
jw-sermon-040-005,Ecclesiastes 12:7,Ecclesiastes,12,7,7,Christian Perfection,john-wesley
jw-sermon-040-006,Ephesians 4:19,Ephesians,4,19,19,Christian Perfection,john-wesley
jw-sermon-040-006,Romans 5:1,Romans,5,1,1,Christian Perfection,john-wesley
jw-sermon-040-006,Ephesians 1:7,Ephesians,1,7,7,Christian Perfection,john-wesley
jw-sermon-040-006,1 Chronicles 16:22,1 Chronicles,16,22,22,Christian Perfection,john-wesley
jw-sermon-040-006,Deuteronomy 32:13,Deuteronomy,32,13,13,Christian Perfection,john-wesley
jw-sermon-040-006,Exodus 19:4,Exodus,19,4,4,Christian Perfection,john-wesley
jw-sermon-040-006,Ephesians 6:16,Ephesians,6,16,16,Christian Perfection,john-wesley
jw-sermon-040-006,Hebrews 2:18,Hebrews,2,18,18,Christian Perfection,john-wesley
jw-sermon-040-006,Luke 6:40,Luke,6,40,40,Christian Perfection,john-wesley
jw-sermon-040-006,Philippians 1:9,Philippians,1,9,9,Christian Perfection,john-wesley
jw-sermon-040-007,1 John 2:12,1 John,2,12,12,Christian Perfection,john-wesley
jw-sermon-040-007,Romans 5:1,Romans,5,1,1,Christian Perfection,john-wesley
jw-sermon-040-007,1 John 2:13-14,1 John,2,13,14,Christian Perfection,john-wesley
jw-sermon-040-007,Ephesians 6:16,Ephesians,6,16,16,Christian Perfection,john-wesley
jw-sermon-040-007,1 John 2:13,1 John,2,13,13,Christian Perfection,john-wesley
jw-sermon-040-007,Ephesians 4:13,Ephesians,4,13,13,Christian Perfection,john-wesley
jw-sermon-040-008,Romans 3:4,Romans,3,4,4,Christian Perfection,john-wesley
jw-sermon-040-008,Romans 6:1-2,Romans,6,1,2,Christian Perfection,john-wesley
jw-sermon-040-008,Romans 6:5,Romans,6,5,5,Christian Perfection,john-wesley
jw-sermon-040-008,Romans 6:6-7,Romans,6,6,7,Christian Perfection,john-wesley
jw-sermon-040-008,Romans 6:11,Romans,6,11,11,Christian Perfection,john-wesley
jw-sermon-040-008,Romans 6:14-18,Romans,6,14,18,Christian Perfection,john-wesley
jw-sermon-040-009,1 Peter 4:1-2,1 Peter,4,1,2,Christian Perfection,john-wesley
jw-sermon-040-009,1 John 3:8-9,1 John,3,8,9,Christian Perfection,john-wesley
jw-sermon-040-009,1 John 5:18,1 John,5,18,18,Christian Perfection,john-wesley
jw-sermon-040-011,Matthew 11:11,Matthew,11,11,11,Christian Perfection,john-wesley
jw-sermon-040-011,Matthew 11:12,Matthew,11,12,12,Christian Perfection,john-wesley
jw-sermon-040-011,Galatians 3:27,Galatians,3,27,27,Christian Perfection,john-wesley
jw-sermon-040-011,Matthew 22:29,Matthew,22,29,29,Christian Perfection,john-wesley
jw-sermon-040-012,Proverbs 24:16,Proverbs,24,16,16,Christian Perfection,john-wesley
jw-sermon-040-012,Proverbs 24:15,Proverbs,24,15,15,Christian Perfection,john-wesley
jw-sermon-040-013,1 Kings 8:46,1 Kings,8,46,46,Christian Perfection,john-wesley
jw-sermon-040-013,Ecclesiastes 7:20,Ecclesiastes,7,20,20,Christian Perfection,john-wesley
jw-sermon-040-013,Galatians 4:1,Galatians,4,1,1,Christian Perfection,john-wesley
jw-sermon-040-013,Galatians 4:3,Galatians,4,3,3,Christian Perfection,john-wesley
jw-sermon-040-013,Galatians 4:4,Galatians,4,4,4,Christian Perfection,john-wesley
jw-sermon-040-013,Galatians 4:7,Galatians,4,7,7,Christian Perfection,john-wesley
jw-sermon-040-013,1 John 5:18,1 John,5,18,18,Christian Perfection,john-wesley
jw-sermon-040-014,John 7:38,John,7,38,38,Christian Perfection,john-wesley
jw-sermon-040-014,John 7:39,John,7,39,39,Christian Perfection,john-wesley
jw-sermon-040-014,Mark 10:8,Mark,10,8,8,Christian Perfection,john-wesley
jw-sermon-040-014,Psalms 68:18,Psalms,68,18,18,Christian Perfection,john-wesley
jw-sermon-040-014,Ephesians 4:8,Ephesians,4,8,8,Christian Perfection,john-wesley
jw-sermon-040-014,Acts 2:1,Acts,2,1,1,Christian Perfection,john-wesley
jw-sermon-040-014,Acts 1:4,Acts,1,4,4,Christian Perfection,john-wesley
jw-sermon-040-014,Romans 8:37,Romans,8,37,37,Christian Perfection,john-wesley
jw-sermon-040-015,1 Peter 1:9-10,1 Peter,1,9,10,Christian Perfection,john-wesley
jw-sermon-040-015,1 Peter 1:12,1 Peter,1,12,12,Christian Perfection,john-wesley
jw-sermon-040-015,1 Peter 1:13,1 Peter,1,13,13,Christian Perfection,john-wesley
jw-sermon-040-015,1 Peter 1:13,1 Peter,1,13,13,Christian Perfection,john-wesley
jw-sermon-040-015,Zechariah 12:8,Zechariah,12,8,8,Christian Perfection,john-wesley
jw-sermon-040-016,1 John 5:18,1 John,5,18,18,Christian Perfection,john-wesley
jw-sermon-040-016,1 Corinthians 9:26,1 Corinthians,9,26,26,Christian Perfection,john-wesley
jw-sermon-040-016,Acts 15:39,Acts,15,39,39,Christian Perfection,john-wesley
jw-sermon-040-016,Galatians 2:11,Galatians,2,11,11,Christian Perfection,john-wesley
jw-sermon-040-016,1 Corinthians 10:13,1 Corinthians,10,13,13,Christian Perfection,john-wesley
jw-sermon-040-019,Acts 20:24,Acts,20,24,24,Christian Perfection,john-wesley
jw-sermon-040-019,1 John 5:18,1 John,5,18,18,Christian Perfection,john-wesley
jw-sermon-040-020,James 3:2,James,3,2,2,Christian Perfection,john-wesley
jw-sermon-040-020,James 3:9,James,3,9,9,Christian Perfection,john-wesley
jw-sermon-040-020,James 3:1,James,3,1,1,Christian Perfection,john-wesley
jw-sermon-040-020,Romans 8:2,Romans,8,2,2,Christian Perfection,john-wesley
jw-sermon-040-021,1 John 3:9,1 John,3,9,9,Christian Perfection,john-wesley
jw-sermon-040-021,1 John 5:18,1 John,5,18,18,Christian Perfection,john-wesley
jw-sermon-040-021,1 John 1:8,1 John,1,8,8,Christian Perfection,john-wesley
jw-sermon-040-021,1 John 1:10,1 John,1,10,10,Christian Perfection,john-wesley
jw-sermon-040-021,1 John 1:10-8,1 John,1,10,8,Christian Perfection,john-wesley
jw-sermon-040-021,1 John 1:8-10,1 John,1,8,10,Christian Perfection,john-wesley
jw-sermon-040-021,John 8:11,John,8,11,11,Christian Perfection,john-wesley
jw-sermon-040-022,1 John 1:7-10,1 John,1,7,10,Christian Perfection,john-wesley
jw-sermon-040-022,1 John 2:1-2,1 John,2,1,2,Christian Perfection,john-wesley
jw-sermon-040-022,1 John 3:7-10,1 John,3,7,10,Christian Perfection,john-wesley
jw-sermon-040-023,1 John 2:13-14,1 John,2,13,14,Christian Perfection,john-wesley
jw-sermon-040-023,Matthew 4:9,Matthew,4,9,9,Christian Perfection,john-wesley
jw-sermon-040-023,Luke 6:40,Luke,6,40,40,Christian Perfection,john-wesley
jw-sermon-040-023,Mark 7:21,Mark,7,21,21,Christian Perfection,john-wesley
jw-sermon-040-023,Matthew 22:33,Matthew,22,33,33,Christian Perfection,john-wesley
jw-sermon-040-023,Matthew 7:17-18,Matthew,7,17,18,Christian Perfection,john-wesley
jw-sermon-040-024,Luke 6:40,Luke,6,40,40,Christian Perfection,john-wesley
jw-sermon-040-024,Luke 6:29,Luke,6,29,29,Christian Perfection,john-wesley
jw-sermon-040-024,Luke 6:39,Luke,6,39,39,Christian Perfection,john-wesley
jw-sermon-040-024,Matthew 23:4,Matthew,23,4,4,Christian Perfection,john-wesley
jw-sermon-040-024,Luke 6:40,Luke,6,40,40,Christian Perfection,john-wesley
jw-sermon-040-025,Galatians 2:20,Galatians,2,20,20,Christian Perfection,john-wesley
jw-sermon-040-025,Acts 15:9,Acts,15,9,9,Christian Perfection,john-wesley
jw-sermon-040-025,Colossians 1:27,Colossians,1,27,27,Christian Perfection,john-wesley
jw-sermon-040-025,1 John 3:3,1 John,3,3,3,Christian Perfection,john-wesley
jw-sermon-040-025,Matthew 11:29,Matthew,11,29,29,Christian Perfection,john-wesley
jw-sermon-040-025,John 4:34,John,4,34,34,Christian Perfection,john-wesley
jw-sermon-040-025,Mark 3:5,Mark,3,5,5,Christian Perfection,john-wesley
jw-sermon-040-025,Mark 3:6,Mark,3,6,6,Christian Perfection,john-wesley
jw-sermon-040-025,Ephesians 4:26,Ephesians,4,26,26,Christian Perfection,john-wesley
jw-sermon-040-026,Matthew 1:21,Matthew,1,21,21,Christian Perfection,john-wesley
jw-sermon-040-026,1 John 4:17,1 John,4,17,17,Christian Perfection,john-wesley
jw-sermon-040-027,1 John 1:5,1 John,1,5,5,Christian Perfection,john-wesley
jw-sermon-040-027,1 John 1:9,1 John,1,9,9,Christian Perfection,john-wesley
jw-sermon-040-027,1 John 1:7,1 John,1,7,7,Christian Perfection,john-wesley
jw-sermon-040-028,Deuteronomy 30:6,Deuteronomy,30,6,6,Christian Perfection,john-wesley
jw-sermon-040-028,Psalms 51:10,Psalms,51,10,10,Christian Perfection,john-wesley
jw-sermon-040-028,Ezekiel 36:25,Ezekiel,36,25,25,Christian Perfection,john-wesley
jw-sermon-040-028,Hebrews 4:1,Hebrews,4,1,1,Christian Perfection,john-wesley
jw-sermon-040-028,Philippians 3:13-14,Philippians,3,13,14,Christian Perfection,john-wesley
jw-sermon-040-028,Romans 8:21,Romans,8,21,21,Christian Perfection,john-wesley
jw-sermon-040-028,Ezekiel 36:25,Ezekiel,36,25,25,Christian Perfection,john-wesley
jw-sermon-043-000,Ephesians 2:8,Ephesians,2,8,8,The Scripture Way of Salvation,john-wesley
jw-sermon-044-000,Genesis 6:5,Genesis,6,5,5,Original Sin,john-wesley
jw-sermon-045-000,John 3:7,John,3,7,7,The New Birth,john-wesley
jw-sermon-045-001,Genesis 1:26-27,Genesis,1,26,27,The New Birth,john-wesley
jw-sermon-045-001,Ephesians 4:24,Ephesians,4,24,24,The New Birth,john-wesley
jw-sermon-045-001,Genesis 1:31,Genesis,1,31,31,The New Birth,john-wesley
jw-sermon-045-002,Genesis 3:8,Genesis,3,8,8,The New Birth,john-wesley
jw-sermon-046-000,John 16:22,John,16,22,22,The Wilderness State,john-wesley
jw-sermon-046-017,Isaiah 50:10,Isaiah,50,10,10,The Wilderness State,john-wesley
jw-sermon-046-017,Hosea 2:14,Hosea,2,14,14,The Wilderness State,john-wesley
jw-sermon-046-018,1 Peter 4:12,1 Peter,4,12,12,The Wilderness State,john-wesley
jw-sermon-047-000,1 Peter 1:6,1 Peter,1,6,6,Heaviness Through Manifold Temptations,john-wesley
jw-sermon-047-000,1 Peter 1:5,1 Peter,1,5,5,Heaviness Through Manifold Temptations,john-wesley
jw-sermon-047-000,1 Peter 1:7,1 Peter,1,7,7,Heaviness Through Manifold Temptations,john-wesley
jw-sermon-047-000,1 Peter 1:9,1 Peter,1,9,9,Heaviness Through Manifold Temptations,john-wesley
jw-sermon-047-001,1 Peter 1:3,1 Peter,1,3,3,Heaviness Through Manifold Temptations,john-wesley
jw-sermon-047-001,1 Peter 1:8,1 Peter,1,8,8,Heaviness Through Manifold Temptations,john-wesley
jw-sermon-047-010,1 Peter 1:7,1 Peter,1,7,7,Heaviness Through Manifold Temptations,john-wesley
jw-sermon-047-010,1 Peter 4:12,1 Peter,4,12,12,Heaviness Through Manifold Temptations,john-wesley
jw-sermon-048-000,Luke 9:23,Luke,9,23,23,Self-Denial,john-wesley
jw-sermon-049-000,Matthew 18:15-17,Matthew,18,15,17,The Cure of Evil-Speaking,john-wesley
jw-sermon-049-014,John 17:21,John,17,21,21,The Cure of Evil-Speaking,john-wesley
jw-sermon-050-000,Luke 16:9,Luke,16,9,9,The Use of Money,john-wesley
jw-sermon-050-001,Luke 16:1-2,Luke,16,1,2,The Use of Money,john-wesley
jw-sermon-050-001,Luke 16:8,Luke,16,8,8,The Use of Money,john-wesley
jw-sermon-051-000,Luke 16:2,Luke,16,2,2,The Good Steward,john-wesley
jw-sermon-051-011,Hebrews 9:27,Hebrews,9,27,27,The Good Steward,john-wesley
jw-sermon-052-000,Psalms 94:16,Psalms,94,16,16,The Reformation of Manners,john-wesley
jw-sermon-052-007,James 5:19-20,James,5,19,20,The Reformation of Manners,john-wesley
jw-sermon-053-000,Numbers 23:10,Numbers,23,10,10,On the Death of the Rev. Mr. George Whitefield,john-wesley
jw-sermon-055-000,1 John 5:7,1 John,5,7,7,On the Trinity,john-wesley
jw-sermon-056-000,Genesis 1:31,Genesis,1,31,31,God's Approbation of His Works,john-wesley
jw-sermon-056-002,Genesis 7:19-20,Genesis,7,19,20,God's Approbation of His Works,john-wesley
jw-sermon-056-002,Genesis 7:11,Genesis,7,11,11,God's Approbation of His Works,john-wesley
jw-sermon-056-003,Revelation 21:1,Revelation,21,1,1,God's Approbation of His Works,john-wesley
jw-sermon-056-004,Genesis 2:21,Genesis,2,21,21,God's Approbation of His Works,john-wesley
jw-sermon-056-004,Revelation 22:5,Revelation,22,5,5,God's Approbation of His Works,john-wesley
jw-sermon-056-004,Revelation 7:15,Revelation,7,15,15,God's Approbation of His Works,john-wesley
jw-sermon-057-000,Genesis 3:19,Genesis,3,19,19,On the Fall of Man,john-wesley
jw-sermon-057-001,Genesis 3:1,Genesis,3,1,1,On the Fall of Man,john-wesley
jw-sermon-057-001,Genesis 3:2,Genesis,3,2,2,On the Fall of Man,john-wesley
jw-sermon-057-001,Genesis 3:4-5,Genesis,3,4,5,On the Fall of Man,john-wesley
jw-sermon-057-002,Genesis 3:10,Genesis,3,10,10,On the Fall of Man,john-wesley
jw-sermon-057-003,Genesis 3:13,Genesis,3,13,13,On the Fall of Man,john-wesley
jw-sermon-057-006,Genesis 5:23-24,Genesis,5,23,24,On the Fall of Man,john-wesley
jw-sermon-058-000,Romans 8:29-30,Romans,8,29,30,On Predestination,john-wesley
jw-sermon-059-000,Romans 5:15,Romans,5,15,15,God's Love to Fallen Man,john-wesley
jw-sermon-059-003,Romans 5:12,Romans,5,12,12,God's Love to Fallen Man,john-wesley
jw-sermon-059-003,Romans 5:19,Romans,5,19,19,God's Love to Fallen Man,john-wesley
jw-sermon-060-000,Romans 8:19-22,Romans,8,19,22,The General Deliverance,john-wesley
jw-sermon-060-004,Genesis 1:28,Genesis,1,28,28,The General Deliverance,john-wesley
jw-sermon-060-011,Isaiah 11:6,Isaiah,11,6,6,The General Deliverance,john-wesley
jw-sermon-060-015,Ecclesiastes 3:18,Ecclesiastes,3,18,18,The General Deliverance,john-wesley
jw-sermon-061-000,Hebrews 11:4,Hebrews,11,4,4,The Mystery of Iniquity,john-wesley
jw-sermon-061-000,Genesis 6:1-5,Genesis,6,1,5,The Mystery of Iniquity,john-wesley
jw-sermon-061-000,Genesis 6:7,Genesis,6,7,7,The Mystery of Iniquity,john-wesley
jw-sermon-061-002,Acts 1:15,Acts,1,15,15,The Mystery of Iniquity,john-wesley
jw-sermon-061-002,Acts 2:1,Acts,2,1,1,The Mystery of Iniquity,john-wesley
jw-sermon-061-002,Acts 2:41,Acts,2,41,41,The Mystery of Iniquity,john-wesley
jw-sermon-061-003,Acts 2:42,Acts,2,42,42,The Mystery of Iniquity,john-wesley
jw-sermon-061-003,Acts 2:44-45,Acts,2,44,45,The Mystery of Iniquity,john-wesley
jw-sermon-061-003,Acts 4:32,Acts,4,32,32,The Mystery of Iniquity,john-wesley
jw-sermon-061-003,Acts 4:33-35,Acts,4,33,35,The Mystery of Iniquity,john-wesley
jw-sermon-061-004,Acts 5:11,Acts,5,11,11,The Mystery of Iniquity,john-wesley
jw-sermon-061-004,Acts 5:14,Acts,5,14,14,The Mystery of Iniquity,john-wesley
jw-sermon-061-005,Acts 6:1,Acts,6,1,1,The Mystery of Iniquity,john-wesley
jw-sermon-061-005,Acts 9:31,Acts,9,31,31,The Mystery of Iniquity,john-wesley
jw-sermon-061-006,Acts 15:28-29,Acts,15,28,29,The Mystery of Iniquity,john-wesley
jw-sermon-061-006,Acts 15:41,Acts,15,41,41,The Mystery of Iniquity,john-wesley
jw-sermon-061-007,Romans 16:17,Romans,16,17,17,The Mystery of Iniquity,john-wesley
jw-sermon-061-007,1 Corinthians 5:1,1 Corinthians,5,1,1,The Mystery of Iniquity,john-wesley
jw-sermon-061-007,1 Corinthians 6:9-10,1 Corinthians,6,9,10,The Mystery of Iniquity,john-wesley
jw-sermon-061-008,Revelation 3:8,Revelation,3,8,8,The Mystery of Iniquity,john-wesley
jw-sermon-061-014,Isaiah 60:18-21,Isaiah,60,18,21,The Mystery of Iniquity,john-wesley
jw-sermon-062-000,1 John 3:8,1 John,3,8,8,The End of Christ's Coming,john-wesley
jw-sermon-062-002,1 John 3:5,1 John,3,5,5,The End of Christ's Coming,john-wesley
jw-sermon-062-002,1 John 3:6,1 John,3,6,6,The End of Christ's Coming,john-wesley
jw-sermon-062-002,1 John 3:8,1 John,3,8,8,The End of Christ's Coming,john-wesley
jw-sermon-062-002,1 John 3:9,1 John,3,9,9,The End of Christ's Coming,john-wesley
jw-sermon-062-009,Galatians 2:20,Galatians,2,20,20,The End of Christ's Coming,john-wesley
jw-sermon-062-011,Genesis 3:15,Genesis,3,15,15,The End of Christ's Coming,john-wesley
jw-sermon-063-000,Isaiah 11:9,Isaiah,11,9,9,The General Spread of the Gospel,john-wesley
jw-sermon-063-013,Ezekiel 3:12,Ezekiel,3,12,12,The General Spread of the Gospel,john-wesley
jw-sermon-063-014,Romans 11:25,Romans,11,25,25,The General Spread of the Gospel,john-wesley
jw-sermon-063-014,Deuteronomy 30:3,Deuteronomy,30,3,3,The General Spread of the Gospel,john-wesley
jw-sermon-063-014,Jeremiah 32:37,Jeremiah,32,37,37,The General Spread of the Gospel,john-wesley
jw-sermon-063-014,Ezekiel 36:24,Ezekiel,36,24,24,The General Spread of the Gospel,john-wesley
jw-sermon-063-015,Isaiah 11:9,Isaiah,11,9,9,The General Spread of the Gospel,john-wesley
jw-sermon-063-015,Isaiah 60:18,Isaiah,60,18,18,The General Spread of the Gospel,john-wesley
jw-sermon-063-016,Romans 11:32-33,Romans,11,32,33,The General Spread of the Gospel,john-wesley
jw-sermon-063-016,Revelation 7:12,Revelation,7,12,12,The General Spread of the Gospel,john-wesley
jw-sermon-064-000,Revelation 21:5,Revelation,21,5,5,The New Creation,john-wesley
jw-sermon-064-000,Revelation 21:5,Revelation,21,5,5,The New Creation,john-wesley
jw-sermon-064-004,Genesis 2:5-6,Genesis,2,5,6,The New Creation,john-wesley
jw-sermon-064-005,Revelation 21:1,Revelation,21,1,1,The New Creation,john-wesley
jw-sermon-064-005,Genesis 1:9,Genesis,1,9,9,The New Creation,john-wesley
jw-sermon-064-006,Revelation 4:6,Revelation,4,6,6,The New Creation,john-wesley
jw-sermon-064-009,Revelation 21:3-4,Revelation,21,3,4,The New Creation,john-wesley
jw-sermon-065-000,Leviticus 19:17,Leviticus,19,17,17,The Duty of Reproving Our Neighbour,john-wesley
jw-sermon-065-000,Leviticus 19:10,Leviticus,19,10,10,The Duty of Reproving Our Neighbour,john-wesley
jw-sermon-065-000,Leviticus 19:11,Leviticus,19,11,11,The Duty of Reproving Our Neighbour,john-wesley
jw-sermon-065-000,Leviticus 19:13,Leviticus,19,13,13,The Duty of Reproving Our Neighbour,john-wesley
jw-sermon-065-000,Leviticus 19:14,Leviticus,19,14,14,The Duty of Reproving Our Neighbour,john-wesley
jw-sermon-065-000,Leviticus 19:15,Leviticus,19,15,15,The Duty of Reproving Our Neighbour,john-wesley
jw-sermon-065-000,Leviticus 19:16,Leviticus,19,16,16,The Duty of Reproving Our Neighbour,john-wesley
jw-sermon-065-000,Leviticus 19:17,Leviticus,19,17,17,The Duty of Reproving Our Neighbour,john-wesley
jw-sermon-066-000,Matthew 16:3,Matthew,16,3,3,The Signs of the Times,john-wesley
jw-sermon-066-000,Matthew 16:1-3,Matthew,16,1,3,The Signs of the Times,john-wesley
jw-sermon-066-001,Genesis 49:10,Genesis,49,10,10,The Signs of the Times,john-wesley
jw-sermon-066-002,Malachi 3:1,Malachi,3,1,1,The Signs of the Times,john-wesley
jw-sermon-066-002,Isaiah 40:3,Isaiah,40,3,3,The Signs of the Times,john-wesley
jw-sermon-066-002,Matthew 11:4-5,Matthew,11,4,5,The Signs of the Times,john-wesley
jw-sermon-067-000,Luke 12:7,Luke,12,7,7,On Divine Providence,john-wesley
jw-sermon-068-000,Romans 11:33,Romans,11,33,33,The Wisdom of God's Counsels,john-wesley
jw-sermon-069-000,1 Corinthians 13:9,1 Corinthians,13,9,9,The Imperfection of Human Knowledge,john-wesley
jw-sermon-070-000,1 Corinthians 14:20,1 Corinthians,14,20,20,The Case of Reason Impartially Considered,john-wesley
jw-sermon-071-000,Hebrews 1:14,Hebrews,1,14,14,Of Good Angels,john-wesley
jw-sermon-071-005,Daniel 10:13,Daniel,10,13,13,Of Good Angels,john-wesley
jw-sermon-071-005,Daniel 10:17,Daniel,10,17,17,Of Good Angels,john-wesley
jw-sermon-071-007,Daniel 6:22,Daniel,6,22,22,Of Good Angels,john-wesley
jw-sermon-072-000,Ephesians 6:12,Ephesians,6,12,12,Of Evil Angels,john-wesley
jw-sermon-072-002,Psalms 2:6-7,Psalms,2,6,7,Of Evil Angels,john-wesley
jw-sermon-072-005,Matthew 4:8-9,Matthew,4,8,9,Of Evil Angels,john-wesley
jw-sermon-072-005,Matthew 4:5-6,Matthew,4,5,6,Of Evil Angels,john-wesley
jw-sermon-073-000,Mark 9:48,Mark,9,48,48,Of Hell,john-wesley
jw-sermon-073-000,Mark 9:43-44,Mark,9,43,44,Of Hell,john-wesley
jw-sermon-073-000,Mark 9:45-46,Mark,9,45,46,Of Hell,john-wesley
jw-sermon-073-000,Mark 9:47-48,Mark,9,47,48,Of Hell,john-wesley
jw-sermon-073-001,Luke 12:1-5,Luke,12,1,5,Of Hell,john-wesley
jw-sermon-073-012,Luke 12:4-5,Luke,12,4,5,Of Hell,john-wesley
jw-sermon-074-000,Ephesians 4:1-6,Ephesians,4,1,6,Of the Church,john-wesley
jw-sermon-074-002,Galatians 1:2,Galatians,1,2,2,Of the Church,john-wesley
jw-sermon-074-002,Acts 20:28,Acts,20,28,28,Of the Church,john-wesley
jw-sermon-074-005,Colossians 4:15,Colossians,4,15,15,Of the Church,john-wesley
jw-sermon-074-011,Revelation 12:16,Revelation,12,16,16,Of the Church,john-wesley
jw-sermon-075-000,1 Corinthians 12:25,1 Corinthians,12,25,25,On Schism,john-wesley
jw-sermon-076-000,Hebrews 6:1,Hebrews,6,1,1,On Perfection,john-wesley
jw-sermon-076-004,Genesis 1:27,Genesis,1,27,27,On Perfection,john-wesley
jw-sermon-076-004,1 Peter 1:15,1 Peter,1,15,15,On Perfection,john-wesley
jw-sermon-076-004,1 Thessalonians 5:23,1 Thessalonians,5,23,23,On Perfection,john-wesley
jw-sermon-076-004,1 Peter 2:5,1 Peter,2,5,5,On Perfection,john-wesley
jw-sermon-076-005,Deuteronomy 30:6,Deuteronomy,30,6,6,On Perfection,john-wesley
jw-sermon-076-005,Matthew 22:37,Matthew,22,37,37,On Perfection,john-wesley
jw-sermon-076-006,Ephesians 4:21-24,Ephesians,4,21,24,On Perfection,john-wesley
jw-sermon-076-006,1 Peter 1:15,1 Peter,1,15,15,On Perfection,john-wesley
jw-sermon-076-007,1 Thessalonians 5:23,1 Thessalonians,5,23,23,On Perfection,john-wesley
jw-sermon-076-007,Ezekiel 36:25-27,Ezekiel,36,25,27,On Perfection,john-wesley
jw-sermon-076-007,Luke 1:73-75,Luke,1,73,75,On Perfection,john-wesley
jw-sermon-076-012,1 Thessalonians 5:23-24,1 Thessalonians,5,23,24,On Perfection,john-wesley
jw-sermon-077-000,1 John 5:20,1 John,5,20,20,Spiritual Worship,john-wesley
jw-sermon-077-000,1 John 1:1-4,1 John,1,1,4,Spiritual Worship,john-wesley
jw-sermon-077-000,1 John 5:18-20,1 John,5,18,20,Spiritual Worship,john-wesley
jw-sermon-077-000,1 John 1:5-10,1 John,1,5,10,Spiritual Worship,john-wesley
jw-sermon-077-000,1 John 5:1-12,1 John,5,1,12,Spiritual Worship,john-wesley
jw-sermon-077-001,1 John 5:18,1 John,5,18,18,Spiritual Worship,john-wesley
jw-sermon-077-005,Romans 11:36,Romans,11,36,36,Spiritual Worship,john-wesley
jw-sermon-077-006,1 John 5:11-12,1 John,5,11,12,Spiritual Worship,john-wesley
jw-sermon-078-000,1 John 5:21,1 John,5,21,21,Spiritual Idolatry,john-wesley
jw-sermon-078-001,Revelation 22:9,Revelation,22,9,9,Spiritual Idolatry,john-wesley
jw-sermon-079-000,1 Corinthians 7:35,1 Corinthians,7,35,35,On Dissipation,john-wesley
jw-sermon-079-001,Luke 10:39,Luke,10,39,39,On Dissipation,john-wesley
jw-sermon-080-000,Romans 12:2,Romans,12,2,2,On Friendship with the World,john-wesley
jw-sermon-080-002,John 15:18,John,15,18,18,On Friendship with the World,john-wesley
jw-sermon-080-002,1 John 3:13-14,1 John,3,13,14,On Friendship with the World,john-wesley
jw-sermon-080-002,1 John 5:19,1 John,5,19,19,On Friendship with the World,john-wesley
jw-sermon-081-001,Matthew 23:2-3,Matthew,23,2,3,In What Sense Are We to Leave the World,john-wesley
jw-sermon-081-002,1 Corinthians 5:9-11,1 Corinthians,5,9,11,In What Sense Are We to Leave the World,john-wesley
jw-sermon-082-000,1 Corinthians 10:13,1 Corinthians,10,13,13,On Temptation,john-wesley
jw-sermon-082-000,1 Corinthians 10:1-10,1 Corinthians,10,1,10,On Temptation,john-wesley
jw-sermon-082-000,1 Corinthians 10:11,1 Corinthians,10,11,11,On Temptation,john-wesley
jw-sermon-082-000,1 Corinthians 10:12,1 Corinthians,10,12,12,On Temptation,john-wesley
jw-sermon-082-001,Psalms 30:6-7,Psalms,30,6,7,On Temptation,john-wesley
jw-sermon-082-001,Romans 11:20-21,Romans,11,20,21,On Temptation,john-wesley
jw-sermon-082-002,1 Corinthians 10:13,1 Corinthians,10,13,13,On Temptation,john-wesley
jw-sermon-082-006,Galatians 5:1,Galatians,5,1,1,On Temptation,john-wesley
jw-sermon-082-007,Psalms 103:14,Psalms,103,14,14,On Temptation,john-wesley
jw-sermon-082-007,Deuteronomy 33:25,Deuteronomy,33,25,25,On Temptation,john-wesley
jw-sermon-083-000,James 1:4,James,1,4,4,On Patience,john-wesley
jw-sermon-083-012,1 Thessalonians 5:23,1 Thessalonians,5,23,23,On Patience,john-wesley
jw-sermon-084-000,Matthew 16:26,Matthew,16,26,26,The Important Question,john-wesley
jw-sermon-085-000,Philippians 2:12-13,Philippians,2,12,13,On Working Out Our Own Salvation,john-wesley
jw-sermon-085-002,Philippians 2:5-11,Philippians,2,5,11,On Working Out Our Own Salvation,john-wesley
jw-sermon-085-006,Ephesians 6:5,Ephesians,6,5,5,On Working Out Our Own Salvation,john-wesley
jw-sermon-085-007,1 John 1:9,1 John,1,9,9,On Working Out Our Own Salvation,john-wesley
jw-sermon-085-000,Philippians 2:12-13,Philippians,2,12,13,On Working Out Our Own Salvation,john-wesley
jw-sermon-085-002,Philippians 2:5-11,Philippians,2,5,11,On Working Out Our Own Salvation,john-wesley
jw-sermon-085-006,Ephesians 6:5,Ephesians,6,5,5,On Working Out Our Own Salvation,john-wesley
jw-sermon-085-007,1 John 1:9,1 John,1,9,9,On Working Out Our Own Salvation,john-wesley
jw-sermon-086-000,Psalms 77:7-8,Psalms,77,7,8,A Call to Backsliders,john-wesley
jw-sermon-086-003,1 John 5:16,1 John,5,16,16,A Call to Backsliders,john-wesley
jw-sermon-086-004,Hebrews 6:26-31,Hebrews,6,26,31,A Call to Backsliders,john-wesley
jw-sermon-086-004,Hebrews 6:4-6,Hebrews,6,4,6,A Call to Backsliders,john-wesley
jw-sermon-086-005,Matthew 12:31-32,Matthew,12,31,32,A Call to Backsliders,john-wesley
jw-sermon-086-005,Mark 3:28-29,Mark,3,28,29,A Call to Backsliders,john-wesley
jw-sermon-086-015,Mark 3:29-30,Mark,3,29,30,A Call to Backsliders,john-wesley
jw-sermon-087-000,1 Timothy 6:9,1 Timothy,6,9,9,The Danger of Riches,john-wesley
jw-sermon-088-000,1 Peter 3:3-4,1 Peter,3,3,4,On Dress,john-wesley
jw-sermon-088-000,Romans 12:2,Romans,12,2,2,On Dress,john-wesley
jw-sermon-088-000,1 Timothy 2:9-10,1 Timothy,2,9,10,On Dress,john-wesley
jw-sermon-088-002,Luke 7:25,Luke,7,25,25,On Dress,john-wesley
jw-sermon-089-000,1 Corinthians 12:31,1 Corinthians,12,31,31,The More Excellent Way,john-wesley
jw-sermon-090-000,John 1:47,John,1,47,47,An Israelite Indeed,john-wesley
jw-sermon-090-002,John 1:45,John,1,45,45,An Israelite Indeed,john-wesley
jw-sermon-090-004,Luke 8:18,Luke,8,18,18,An Israelite Indeed,john-wesley
jw-sermon-090-005,Ephesians 4:25,Ephesians,4,25,25,An Israelite Indeed,john-wesley
jw-sermon-091-000,1 Corinthians 13:1-3,1 Corinthians,13,1,3,On Charity,john-wesley
jw-sermon-091-004,Acts 15:36,Acts,15,36,36,On Charity,john-wesley
jw-sermon-092-000,Galatians 4:18,Galatians,4,18,18,On Zeal,john-wesley
jw-sermon-092-002,Acts 5:17,Acts,5,17,17,On Zeal,john-wesley
jw-sermon-093-000,Ephesians 5:16,Ephesians,5,16,16,On Redeeming the Time,john-wesley
jw-sermon-098-000,Matthew 25:36,Matthew,25,36,36,On Visiting the Sick,john-wesley
jw-sermon-098-000,Ephesians 2:10,Ephesians,2,10,10,On Visiting the Sick,john-wesley
jw-sermon-098-001,Matthew 25:34,Matthew,25,34,34,On Visiting the Sick,john-wesley
jw-sermon-098-014,Romans 16:1,Romans,16,1,1,On Visiting the Sick,john-wesley
jw-sermon-112-000,Luke 16:31,Luke,16,31,31,The Rich Man and Lazarus,john-wesley
jw-sermon-112-000,Luke 16:13,Luke,16,13,13,The Rich Man and Lazarus,john-wesley
jw-sermon-112-000,Luke 16:15,Luke,16,15,15,The Rich Man and Lazarus,john-wesley
jw-sermon-112-006,Luke 16:27-28,Luke,16,27,28,The Rich Man and Lazarus,john-wesley
jw-sermon-112-006,Luke 16:29,Luke,16,29,29,The Rich Man and Lazarus,john-wesley
jw-sermon-112-008,Luke 16:20-21,Luke,16,20,21,The Rich Man and Lazarus,john-wesley
jw-sermon-120-000,Matthew 22:12,Matthew,22,12,12,On the Wedding Garment,john-wesley
jw-sermon-120-007,Galatians 5:6,Galatians,5,6,6,On the Wedding Garment,john-wesley
jw-free-grace-000,Romans 8:32,Romans,8,32,32,Free Grace,john-wesley
jw-free-grace-008,Romans 10:12,Romans,10,12,12,Free Grace,john-wesley
jw-free-grace-008,Ephesians 1:4,Ephesians,1,4,4,Free Grace,john-wesley
jw-free-grace-008,Romans 14:15,Romans,14,15,15,Free Grace,john-wesley
jw-free-grace-008,John 4:42,John,4,42,42,Free Grace,john-wesley
jw-free-grace-008,John 1:29,John,1,29,29,Free Grace,john-wesley
jw-free-grace-008,1 John 2:2,1 John,2,2,2,Free Grace,john-wesley
jw-free-grace-008,1 Timothy 4:10,1 Timothy,4,10,10,Free Grace,john-wesley
jw-free-grace-008,1 Timothy 2:6,1 Timothy,2,6,6,Free Grace,john-wesley
jw-free-grace-008,Hebrews 2:9,Hebrews,2,9,9,Free Grace,john-wesley
jw-free-grace-009,Ezekiel 18:3-32,Ezekiel,18,3,32,Free Grace,john-wesley
jw-free-grace-009,John 5:40,John,5,40,40,Free Grace,john-wesley
jw-free-grace-009,Matthew 23:37,Matthew,23,37,37,Free Grace,john-wesley
jw-free-grace-014,John 7:37,John,7,37,37,Free Grace,john-wesley
jw-free-grace-014,Acts 17:30,Acts,17,30,30,Free Grace,john-wesley
jw-free-grace-014,James 1:5,James,1,5,5,Free Grace,john-wesley
jw-free-grace-015,1 John 2:1-2,1 John,2,1,2,Free Grace,john-wesley
jw-free-grace-015,Ezekiel 18:23,Ezekiel,18,23,23,Free Grace,john-wesley
jw-sermon-094-000,Joshua 24:15,Joshua,24,15,15,Sermon 094,john-wesley
jw-sermon-094-000,Joshua 15:1,Joshua,15,1,1,Sermon 094,john-wesley
jw-sermon-094-000,Joshua 15:2-13,Joshua,15,2,13,Sermon 094,john-wesley
jw-sermon-094-000,Joshua 15:14,Joshua,15,14,14,Sermon 094,john-wesley
jw-sermon-094-006,Proverbs 13:24,Proverbs,13,24,24,Sermon 094,john-wesley
jw-sermon-094-006,Proverbs 19:18,Proverbs,19,18,18,Sermon 094,john-wesley
jw-sermon-095-000,Proverbs 22:6,Proverbs,22,6,6,Sermon 095,john-wesley
jw-sermon-096-000,Colossians 3:20,Colossians,3,20,20,Sermon 096,john-wesley
jw-sermon-096-000,Ephesians 6:1,Ephesians,6,1,1,Sermon 096,john-wesley
jw-sermon-096-000,Colossians 3:20,Colossians,3,20,20,Sermon 096,john-wesley
jw-sermon-097-000,Hebrews 13:17,Hebrews,13,17,17,Sermon 097,john-wesley
jw-sermon-099-000,Matthew 25:34,Matthew,25,34,34,Sermon 099,john-wesley
jw-sermon-100-000,Romans 15:2,Romans,15,2,2,Sermon 100,john-wesley
jw-sermon-101-000,Luke 22:19,Luke,22,19,19,Sermon 101,john-wesley
jw-sermon-101-007,James 2:10,James,2,10,10,Sermon 101,john-wesley
jw-sermon-102-000,Ecclesiastes 7:10,Ecclesiastes,7,10,10,Sermon 102,john-wesley
jw-sermon-104-000,1 Samuel 2:17,1 Samuel,2,17,17,Sermon 104,john-wesley
jw-sermon-104-002,1 Samuel 2:12,1 Samuel,2,12,12,Sermon 104,john-wesley
jw-sermon-104-002,1 Samuel 2:22,1 Samuel,2,22,22,Sermon 104,john-wesley
jw-sermon-104-002,1 Samuel 2:25,1 Samuel,2,25,25,Sermon 104,john-wesley
jw-sermon-104-003,Malachi 2:1-3,Malachi,2,1,3,Sermon 104,john-wesley
jw-sermon-104-009,Mark 6:7,Mark,6,7,7,Sermon 104,john-wesley
jw-sermon-104-009,Matthew 23:1-3,Matthew,23,1,3,Sermon 104,john-wesley
jw-sermon-104-009,Matthew 23:1-3,Matthew,23,1,3,Sermon 104,john-wesley
jw-sermon-104-010,1 Corinthians 5:11,1 Corinthians,5,11,11,Sermon 104,john-wesley
jw-sermon-104-012,Matthew 23:1,Matthew,23,1,1,Sermon 104,john-wesley
jw-sermon-105-001,Romans 9:1,Romans,9,1,1,Sermon 105,john-wesley
jw-sermon-105-003,Micah 6:5,Micah,6,5,5,Sermon 105,john-wesley
jw-sermon-106-000,Hebrews 11:6,Hebrews,11,6,6,Sermon 106,john-wesley
jw-sermon-106-003,Acts 28:27,Acts,28,27,27,Sermon 106,john-wesley
jw-sermon-107-000,Isaiah 5:4,Isaiah,5,4,4,Sermon 107,john-wesley
jw-sermon-107-006,Ephesians 4:6,Ephesians,4,6,6,Sermon 107,john-wesley
jw-sermon-108-000,Matthew 19:24,Matthew,19,24,24,Sermon 108,john-wesley
jw-sermon-108-000,Mark 10:23,Mark,10,23,23,Sermon 108,john-wesley
jw-sermon-108-008,Luke 9:23,Luke,9,23,23,Sermon 108,john-wesley
jw-sermon-109-000,Psalms 8:4,Psalms,8,4,4,Sermon 109,john-wesley
jw-sermon-110-000,Hebrews 11:1,Hebrews,11,1,1,Sermon 110,john-wesley
jw-sermon-111-000,Jeremiah 23:24,Jeremiah,23,24,24,Sermon 111,john-wesley
jw-sermon-111-001,Psalms 139:3,Psalms,139,3,3,Sermon 111,john-wesley
jw-sermon-111-001,Psalms 139:5,Psalms,139,5,5,Sermon 111,john-wesley
jw-sermon-111-001,Psalms 139:6,Psalms,139,6,6,Sermon 111,john-wesley
jw-sermon-111-001,Psalms 139:7-8,Psalms,139,7,8,Sermon 111,john-wesley
jw-sermon-111-004,Ephesians 1:23,Ephesians,1,23,23,Sermon 111,john-wesley
jw-sermon-113-005,Galatians 2:20,Galatians,2,20,20,Sermon 113,john-wesley
jw-sermon-113-009,1 John 2:15,1 John,2,15,15,Sermon 113,john-wesley
jw-sermon-113-009,1 John 2:16-17,1 John,2,16,17,Sermon 113,john-wesley
jw-sermon-114-000,Mark 12:32,Mark,12,32,32,Sermon 114,john-wesley
jw-sermon-114-004,1 Thessalonians 4:5,1 Thessalonians,4,5,5,Sermon 114,john-wesley
jw-sermon-115-000,Hebrews 5:4,Hebrews,5,4,4,Sermon 115,john-wesley
jw-sermon-115-002,1 Samuel 19:18,1 Samuel,19,18,18,Sermon 115,john-wesley
jw-sermon-116-000,Jeremiah 8:22,Jeremiah,8,22,22,Sermon 116,john-wesley
jw-sermon-118-000,Matthew 6:22-23,Matthew,6,22,23,Sermon 118,john-wesley
jw-sermon-118-002,1 Thessalonians 5:16-18,1 Thessalonians,5,16,18,Sermon 118,john-wesley
jw-sermon-119-000,Luke 12:20,Luke,12,20,20,Sermon 119,john-wesley
jw-sermon-119-000,Luke 12:16,Luke,12,16,16,Sermon 119,john-wesley
jw-sermon-121-000,Psalms 73:20,Psalms,73,20,20,Sermon 121,john-wesley
jw-sermon-122-000,Hebrews 11:1,Hebrews,11,1,1,Sermon 122,john-wesley
jw-sermon-123-000,Jeremiah 17:9,Jeremiah,17,9,9,Sermon 123,john-wesley
jw-sermon-125-000,Ephesians 2:12,Ephesians,2,12,12,Sermon 125,john-wesley
jw-sermon-126-000,Psalms 62:10,Psalms,62,10,10,Sermon 126,john-wesley
jw-sermon-127-000,Job 3:17,Job,3,17,17,Sermon 127,john-wesley
jw-sermon-130-000,1 Chronicles 21:1,1 Chronicles,21,1,1,Sermon 130,john-wesley
jw-sermon-131-000,Ezekiel 1:16,Ezekiel,1,16,16,Sermon 131,john-wesley
jw-sermon-132-000,Numbers 23:23,Numbers,23,23,23,Sermon 132,john-wesley
jw-sermon-133-000,Psalms 37:37,Psalms,37,37,37,Sermon 133,john-wesley
jw-sermon-134-000,Isaiah 2:21,Isaiah,2,21,21,Sermon 134,john-wesley
jw-sermon-134-000,Ezekiel 33:2-6,Ezekiel,33,2,6,Sermon 134,john-wesley
jw-sermon-134-004,Daniel 4:27,Daniel,4,27,27,Sermon 134,john-wesley
jw-sermon-135-004,1 Thessalonians 4:13-14,1 Thessalonians,4,13,14,Sermon 135,john-wesley
jw-sermon-137-000,1 Corinthians 15:35,1 Corinthians,15,35,35,Sermon 137,john-wesley
jw-sermon-137-002,1 Corinthians 15:53,1 Corinthians,15,53,53,Sermon 137,john-wesley
jw-sermon-137-003,John 5:28-29,John,5,28,29,Sermon 137,john-wesley
jw-sermon-138-000,Ephesians 4:30,Ephesians,4,30,30,Sermon 138,john-wesley
jw-sermon-139-000,1 Corinthians 13:3,1 Corinthians,13,3,3,Sermon 139,john-wesley
jw-sermon-140-000,Amos 3:6,Amos,3,6,6,Sermon 140,john-wesley
