jackson_num,local_file,source_id,slug,title,url,status
1,sermon-001-salvation-by-faith.txt,jw-sermon-001,sermon-1-salvation-by-faith,Salvation by Faith,https://www.resourceumc.org/en/content/sermon-1-salvation-by-faith,matched
2,sermon-002-the-almost-christian.txt,jw-sermon-002,sermon-2-the-almost-christian,"Almost Christian, The",https://www.resourceumc.org/en/content/sermon-2-the-almost-christian,matched
3,sermon-003-awake-thou-that-sleepest.txt,jw-sermon-003,sermon-3-awake-thou-that-sleepest,"Awake, Thou That Sleepest",https://www.resourceumc.org/en/content/sermon-3-awake-thou-that-sleepest,matched
4,sermon-004-scriptural-christianity.txt,jw-sermon-004,sermon-4-scriptural-christianity,Scriptural Christianity,https://www.resourceumc.org/en/content/sermon-4-scriptural-christianity,matched
5,sermon-005-justification-by-faith.txt,jw-sermon-005,sermon-5-justification-by-faith,Justification by Faith,https://www.resourceumc.org/en/content/sermon-5-justification-by-faith,matched
6,sermon-006-the-righteousness-of-faith.txt,jw-sermon-006,sermon-6-the-righteousness-of-faith,"Righteousness of Faith, The",https://www.resourceumc.org/en/content/sermon-6-the-righteousness-of-faith,matched
7,sermon-007-the-way-to-the-kingdom.txt,jw-sermon-007,sermon-7-the-way-to-the-kingdom,"Way of the Kingdom, Th",https://www.resourceumc.org/en/content/sermon-7-the-way-to-the-kingdom,matched
8,sermon-008-the-first-fruits-of-the-spirit.txt,jw-sermon-008,sermon-8-the-first-fruits-of-the-spirit,"First Fruits of the Spirit, The",https://www.resourceumc.org/en/content/sermon-8-the-first-fruits-of-the-spirit,matched
9,sermon-009-the-spirit-of-bondage-and-of-adoption.txt,jw-sermon-009,sermon-9-the-spirit-of-bondage-and-of-adoption,"Spirit of Bondage and of Adoption, The",https://www.resourceumc.org/en/content/sermon-9-the-spirit-of-bondage-and-of-adoption,matched
10,sermon-010-witness-of-the-spirit-i.txt,jw-sermon-010,sermon-10-the-witness-of-the-spirit,"Witness of the Spirit, 1, The",https://www.resourceumc.org/en/content/sermon-10-the-witness-of-the-spirit,matched
11,sermon-011-witness-of-the-spirit-ii.txt,jw-sermon-011,sermon-11-the-witness-of-the-spirit-ii,"Witness of the Spirit, 2, The",https://www.resourceumc.org/en/content/sermon-11-the-witness-of-the-spirit-ii,matched
12,sermon-012-the-witness-of-our-own-spirit.txt,jw-sermon-012,sermon-12-the-witness-of-our-own-spirit,"Witness of Our Own Spirit, The",https://www.resourceumc.org/en/content/sermon-12-the-witness-of-our-own-spirit,matched
13,sermon-013-on-sin-in-believers.txt,jw-sermon-013,sermon-13-on-sin-in-believers,On Sin in Believers,https://www.resourceumc.org/en/content/sermon-13-on-sin-in-believers,matched
14,sermon-014-the-repentance-of-believers.txt,jw-sermon-014,sermon-14-the-repentance-of-believers,"Repentance of Believers, The",https://www.resourceumc.org/en/content/sermon-14-the-repentance-of-believers,matched
15,sermon-015-the-great-assize.txt,jw-sermon-015,sermon-15-the-great-assize,"Great Assize, The [Last Judgment]",https://www.resourceumc.org/en/content/sermon-15-the-great-assize,matched
16,sermon-016-the-means-of-grace.txt,jw-sermon-016,sermon-16-the-means-of-grace,"Means of Grace, The",https://www.resourceumc.org/en/content/sermon-16-the-means-of-grace,matched
17,sermon-017-circumcision-of-the-heart.txt,jw-sermon-017,sermon-17-the-circumcision-of-the-heart,"Circumcision of the Heart, The",https://www.resourceumc.org/en/content/sermon-17-the-circumcision-of-the-heart,matched
18,sermon-018-the-marks-of-the-new-birth.txt,jw-sermon-018,sermon-18-the-marks-of-the-new-birth,"Marks of the New Birth, The",https://www.resourceumc.org/en/content/sermon-18-the-marks-of-the-new-birth,matched
19,sermon-019-the-great-privilege-of-those-born-of-god.txt,jw-sermon-019,sermon-19-the-great-privilege-of-those-that-are-born-of-god,"Great Privilege of Those that Are Born of God, The",https://www.resourceumc.org/en/content/sermon-19-the-great-privilege-of-those-that-are-born-of-god,matched
20,sermon-020-the-lord-our-righteousness.txt,jw-sermon-020,sermon-20-the-lord-our-righteousness,"Lord Our Righteousness, The",https://www.resourceumc.org/en/content/sermon-20-the-lord-our-righteousness,matched
21,sermon-021-upon-our-lords-sermon-on-the-mount-i.txt,jw-sermon-021,sermon-21-upon-our-lords-sermon-on-the-mount-1,"Sermon on the Mount, 1, Upon Our Lord's",https://www.resourceumc.org/en/content/sermon-21-upon-our-lords-sermon-on-the-mount-1,matched
22,sermon-022-upon-our-lords-sermon-on-the-mount-ii.txt,jw-sermon-022,sermon-22-upon-our-lords-sermon-on-the-mount-2,"Sermon on the Mount, 2, Upon Our Lord's",https://www.resourceumc.org/en/content/sermon-22-upon-our-lords-sermon-on-the-mount-2,matched
23,sermon-023-upon-our-lords-sermon-on-the-mount-iii.txt,jw-sermon-023,sermon-23-upon-our-lords-sermon-on-the-mount-3,"Sermon on the Mount, 3, Upon Our Lord's",https://www.resourceumc.org/en/content/sermon-23-upon-our-lords-sermon-on-the-mount-3,matched
24,sermon-024-upon-our-lords-sermon-on-the-mount-iv.txt,jw-sermon-024,sermon-24-upon-our-lords-sermon-on-the-mount-4,"Sermon on the Mount, 4, Upon Our Lord's",https://www.resourceumc.org/en/content/sermon-24-upon-our-lords-sermon-on-the-mount-4,matched
25,sermon-025-upon-our-lords-sermon-on-the-mount-v.txt,jw-sermon-025,sermon-25-upon-our-lords-sermon-on-the-mount-5,"Sermon on the Mount, 5, Upon Our Lord's",https://www.resourceumc.org/en/content/sermon-25-upon-our-lords-sermon-on-the-mount-5,matched
26,sermon-026-upon-our-lords-sermon-on-the-mount-vi.txt,jw-sermon-026,sermon-26-upon-our-lords-sermon-on-the-mount-6,"Sermon on the Mount, 6, Upon Our Lord's",https://www.resourceumc.org/en/content/sermon-26-upon-our-lords-sermon-on-the-mount-6,matched
27,sermon-027-upon-our-lords-sermon-on-the-mount-vii.txt,jw-sermon-027,sermon-27-upon-our-lords-sermon-on-the-mount-7,"Sermon on the Mount, 7, Upon Our Lord's",https://www.resourceumc.org/en/content/sermon-27-upon-our-lords-sermon-on-the-mount-7,matched
28,sermon-028-upon-our-lords-sermon-on-the-mount-viii.txt,jw-sermon-028,sermon-28-upon-our-lords-sermon-on-the-mount-8,"Sermon on the Mount, 8, Upon Our Lord's",https://www.resourceumc.org/en/content/sermon-28-upon-our-lords-sermon-on-the-mount-8,matched
29,sermon-029-upon-our-lords-sermon-on-the-mount-ix.txt,jw-sermon-029,sermon-29-upon-our-lords-sermon-on-the-mount-9,"Sermon on the Mount, 9, Upon Our Lord's",https://www.resourceumc.org/en/content/sermon-29-upon-our-lords-sermon-on-the-mount-9,matched
30,sermon-030-upon-our-lords-sermon-on-the-mount-x.txt,jw-sermon-030,sermon-30-upon-our-lords-sermon-on-the-mount-10,"Sermon on the Mount, 10, Upon Our Lord's",https://www.resourceumc.org/en/content/sermon-30-upon-our-lords-sermon-on-the-mount-10,matched
31,sermon-031-upon-our-lords-sermon-on-the-mount-xi.txt,jw-sermon-031,sermon-31-upon-our-lords-sermon-on-the-mount-11,"Sermon on the Mount, 11, Upon Our Lord's",https://www.resourceumc.org/en/content/sermon-31-upon-our-lords-sermon-on-the-mount-11,matched
32,sermon-032-upon-our-lords-sermon-on-the-mount-xii.txt,jw-sermon-032,sermon-32-upon-our-lords-sermon-on-the-mount-12,"Sermon on the Mount, 12, Upon Our Lord's",https://www.resourceumc.org/en/content/sermon-32-upon-our-lords-sermon-on-the-mount-12,matched
33,sermon-033-upon-our-lords-sermon-on-the-mount-xiii.txt,jw-sermon-033,sermon-33-upon-our-lords-sermon-on-the-mount-13,"Sermon on the Mount, 13, Upon Our Lord's",https://www.resourceumc.org/en/content/sermon-33-upon-our-lords-sermon-on-the-mount-13,matched
34,sermon-034-the-original-nature-property-and-use-of-the-law.txt,jw-sermon-034,sermon-34-the-original-nature-property-and-use-of-the-law,"Original, Nature, Property, and Use of the Law, The",https://www.resourceumc.org/en/content/sermon-34-the-original-nature-property-and-use-of-the-law,matched
35,sermon-035-the-law-established-through-faith-i.txt,jw-sermon-035,sermon-35-the-law-established-through-faith-1,"Law Established Through Faith, 1, The",https://www.resourceumc.org/en/content/sermon-35-the-law-established-through-faith-1,matched
36,sermon-036-the-law-established-through-faith-ii.txt,jw-sermon-036,sermon-36-the-law-established-through-faith-2,"Law Established Through Faith, 2, The",https://www.resourceumc.org/en/content/sermon-36-the-law-established-through-faith-2,matched
37,sermon-037-the-nature-of-enthusiasm.txt,jw-sermon-037,sermon-37-the-nature-of-enthusiasm,"Nature of Enthusiasm, The",https://www.resourceumc.org/en/content/sermon-37-the-nature-of-enthusiasm,matched
38,sermon-038-a-caution-against-bigotry.txt,jw-sermon-038,sermon-38-a-caution-against-bigotry,"Caution Against Bigotry, A",https://www.resourceumc.org/en/content/sermon-38-a-caution-against-bigotry,matched
39,sermon-039-catholic-spirit.txt,jw-sermon-039,sermon-39-catholic-spirit,Catholic Spirit,https://www.resourceumc.org/en/content/sermon-39-catholic-spirit,matched
40,sermon-040-christian-perfection.txt,jw-sermon-040,sermon-40-christian-perfection,Christian Perfection,https://www.resourceumc.org/en/content/sermon-40-christian-perfection,matched
41,sermon-041-wandering-thoughts.txt,jw-sermon-041,sermon-41-wandering-thoughts,Wandering Thoughts,https://www.resourceumc.org/en/content/sermon-41-wandering-thoughts,matched
42,sermon-042-satans-devices.txt,jw-sermon-042,sermon-42-satans-devices,Satan's Devices,https://www.resourceumc.org/en/content/sermon-42-satans-devices,matched
43,sermon-043-scripture-way-of-salvation.txt,jw-sermon-043,sermon-43-the-scripture-way-of-salvation,"Scripture Way of Salvation, The",https://www.resourceumc.org/en/content/sermon-43-the-scripture-way-of-salvation,matched
44,sermon-044-original-sin.txt,jw-sermon-044,sermon-44-original-sin,Original Sin,https://www.resourceumc.org/en/content/sermon-44-original-sin,matched
45,sermon-045-the-new-birth.txt,jw-sermon-045,sermon-45-the-new-birth,"New Birth, The",https://www.resourceumc.org/en/content/sermon-45-the-new-birth,matched
46,sermon-046-the-wilderness-state.txt,jw-sermon-046,sermon-46-the-wilderness-state,"Wilderness State, The",https://www.resourceumc.org/en/content/sermon-46-the-wilderness-state,matched
47,sermon-047-heaviness-through-manifold-temptations.txt,jw-sermon-047,sermon-47-heaviness-through-manifold-temptations,Heaviness Through Manifold Temptations,https://www.resourceumc.org/en/content/sermon-47-heaviness-through-manifold-temptations,matched
48,sermon-048-self-denial.txt,jw-sermon-048,sermon-48-self-denial,Self-Denial,https://www.resourceumc.org/en/content/sermon-48-self-denial,matched
49,sermon-049-the-cure-of-evil-speaking.txt,jw-sermon-049,sermon-49-the-cure-of-evil-speaking,"Cure of Evil Speaking, The",https://www.resourceumc.org/en/content/sermon-49-the-cure-of-evil-speaking,matched
50,sermon-050-use-of-money.txt,jw-sermon-050,sermon-50-the-use-of-money,"Use of Money, The",https://www.resourceumc.org/en/content/sermon-50-the-use-of-money,matched
51,sermon-051-the-good-steward.txt,jw-sermon-051,sermon-51-the-good-steward,"Good Steward, The",https://www.resourceumc.org/en/content/sermon-51-the-good-steward,matched
52,sermon-052-the-reformation-of-manners.txt,jw-sermon-052,sermon-52-the-reformation-of-manners,"Reformation of Manners, The",https://www.resourceumc.org/en/content/sermon-52-the-reformation-of-manners,matched
53,sermon-053-on-the-death-of-george-whitefield.txt,jw-sermon-053,sermon-53-on-the-death-of-the-rev-mr-george-whitefield,On the Death of Mr. Whitefield,https://www.resourceumc.org/en/content/sermon-53-on-the-death-of-the-rev-mr-george-whitefield,matched
54,sermon-054-on-eternity.txt,jw-sermon-054,sermon-54-on-eternity,On Eternity,https://www.resourceumc.org/en/content/sermon-54-on-eternity,matched
55,sermon-055-on-the-trinity.txt,jw-sermon-055,sermon-55-on-the-trinity,On the Trinity,https://www.resourceumc.org/en/content/sermon-55-on-the-trinity,matched
56,sermon-056-gods-approbation-of-his-works.txt,jw-sermon-056,sermon-56-gods-approbation-of-his-work,God's Approbation of His Work,https://www.resourceumc.org/en/content/sermon-56-gods-approbation-of-his-work,matched
57,sermon-057-on-the-fall-of-man.txt,jw-sermon-057,sermon-57-on-the-fall-of-man,On the Fall of Man,https://www.resourceumc.org/en/content/sermon-57-on-the-fall-of-man,matched
58,sermon-058-on-predestination.txt,jw-sermon-058,sermon-58-on-predestination,On Predestination,https://www.resourceumc.org/en/content/sermon-58-on-predestination,matched
59,sermon-059-gods-love-to-fallen-man.txt,jw-sermon-059,sermon-59-gods-love-to-fallen-man,God's Love to Fallen Man,https://www.resourceumc.org/en/content/sermon-59-gods-love-to-fallen-man,matched
60,sermon-060-the-general-deliverance.txt,jw-sermon-060,sermon-60-the-general-deliverence,"General Deliverance, The",https://www.resourceumc.org/en/content/sermon-60-the-general-deliverence,matched
61,sermon-061-the-mystery-of-iniquity.txt,jw-sermon-061,sermon-61-the-mystery-of-iniquity,"Mystery of Iniquity, The",https://www.resourceumc.org/en/content/sermon-61-the-mystery-of-iniquity,matched
62,sermon-062-the-end-of-christs-coming.txt,jw-sermon-062,sermon-62-the-end-of-christs-coming,"End of Christ's Coming, The",https://www.resourceumc.org/en/content/sermon-62-the-end-of-christs-coming,matched
63,sermon-063-the-general-spread-of-the-gospel.txt,jw-sermon-063,sermon-63-the-general-spread-of-the-gospel,"General Spread of the Gospel, The",https://www.resourceumc.org/en/content/sermon-63-the-general-spread-of-the-gospel,matched
64,sermon-064-the-new-creation.txt,jw-sermon-064,sermon-64-the-new-creation,"New Creation, The",https://www.resourceumc.org/en/content/sermon-64-the-new-creation,matched
65,sermon-065-the-duty-of-reproving-our-neighbor.txt,jw-sermon-065,sermon-65-the-duty-of-reproving-our-neighbor,"Duty of Reproving our Neighbor, The",https://www.resourceumc.org/en/content/sermon-65-the-duty-of-reproving-our-neighbor,matched
66,sermon-066-the-signs-of-the-times.txt,jw-sermon-066,sermon-66-the-signs-of-the-times,"Signs of the Times, The",https://www.resourceumc.org/en/content/sermon-66-the-signs-of-the-times,matched
67,sermon-067-on-divine-providence.txt,jw-sermon-067,sermon-67-on-divine-providence,On Divine Providence,https://www.resourceumc.org/en/content/sermon-67-on-divine-providence,matched
68,sermon-068-the-wisdom-of-gods-counsels.txt,jw-sermon-068,sermon-68-the-wisdom-of-gods-counsels,"Wisdom of God's Counsels, The",https://www.resourceumc.org/en/content/sermon-68-the-wisdom-of-gods-counsels,matched
69,sermon-069-the-imperfection-of-human-knowledge.txt,jw-sermon-069,sermon-69-the-imperfection-of-human-knowledge,"Imperfection of Human Knowledge, The",https://www.resourceumc.org/en/content/sermon-69-the-imperfection-of-human-knowledge,matched
70,sermon-070-the-case-of-reason-impartially-considered.txt,jw-sermon-070,sermon-70-the-case-of-reason-impartially-considered,"Case of Reason Impartially Considered, The",https://www.resourceumc.org/en/content/sermon-70-the-case-of-reason-impartially-considered,matched
71,sermon-071-of-good-angels.txt,jw-sermon-071,sermon-71-of-good-angels,Of Good Angels,https://www.resourceumc.org/en/content/sermon-71-of-good-angels,matched
72,sermon-072-of-evil-angels.txt,jw-sermon-072,sermon-72-of-evil-angels,Of Evil Angels,https://www.resourceumc.org/en/content/sermon-72-of-evil-angels,matched
73,sermon-073-of-hell.txt,jw-sermon-073,sermon-73-of-hell,Of Hell,https://www.resourceumc.org/en/content/sermon-73-of-hell,matched
74,sermon-074-of-the-church.txt,jw-sermon-074,sermon-74-of-the-church,Of the Church,https://www.resourceumc.org/en/content/sermon-74-of-the-church,matched
75,sermon-075-on-schism.txt,jw-sermon-075,sermon-75-on-schism,On Schism,https://www.resourceumc.org/en/content/sermon-75-on-schism,matched
76,sermon-076-on-perfection.txt,jw-sermon-076,sermon-76-on-perfection,On Perfection,https://www.resourceumc.org/en/content/sermon-76-on-perfection,matched
77,sermon-077-spiritual-worship.txt,jw-sermon-077,sermon-77-spiritual-worship,Spiritual Worship,https://www.resourceumc.org/en/content/sermon-77-spiritual-worship,matched
78,sermon-078-spiritual-idolatry.txt,jw-sermon-078,sermon-78-spiritual-idolatry,Spiritual Idolatry,https://www.resourceumc.org/en/content/sermon-78-spiritual-idolatry,matched
79,sermon-079-on-dissipation.txt,jw-sermon-079,sermon-79-on-dissipation,On Dissipation,https://www.resourceumc.org/en/content/sermon-79-on-dissipation,matched
80,sermon-080-on-friendship-with-the-world.txt,jw-sermon-080,sermon-80-on-friendship-with-the-world,On Friendship with the World,https://www.resourceumc.org/en/content/sermon-80-on-friendship-with-the-world,matched
81,sermon-081-in-what-sense-are-we-to-leave-the-world.txt,jw-sermon-081,sermon-81-in-what-sense-we-are-to-leave-the-world,In What Sense We Are to Leave the World,https://www.resourceumc.org/en/content/sermon-81-in-what-sense-we-are-to-leave-the-world,matched
82,sermon-082-on-temptation.txt,jw-sermon-082,sermon-82-on-temptation,On Temptation,https://www.resourceumc.org/en/content/sermon-82-on-temptation,matched
83,sermon-083-on-patience.txt,jw-sermon-083,sermon-83-on-patience,On Patience,https://www.resourceumc.org/en/content/sermon-83-on-patience,matched
84,sermon-084-the-important-question.txt,jw-sermon-084,sermon-84-the-important-question,"Important Question, The",https://www.resourceumc.org/en/content/sermon-84-the-important-question,matched
85,sermon-085-on-working-out-our-own-salvation.txt,jw-sermon-085,sermon-85-on-working-out-our-own-salvation,On Working Out Our Own Salvation,https://www.resourceumc.org/en/content/sermon-85-on-working-out-our-own-salvation,matched
86,sermon-086-a-call-to-backsliders.txt,jw-sermon-086,sermon-86-a-call-to-backsliders,"Call to Backsliders, A",https://www.resourceumc.org/en/content/sermon-86-a-call-to-backsliders,matched
87,sermon-087-the-danger-of-riches.txt,jw-sermon-087,sermon-87-the-danger-of-riches,"Danger of Riches, The",https://www.resourceumc.org/en/content/sermon-87-the-danger-of-riches,matched
88,sermon-088-on-dress.txt,jw-sermon-088,sermon-88-on-dress,On Dress,https://www.resourceumc.org/en/content/sermon-88-on-dress,matched
89,sermon-089-the-more-excellent-way.txt,jw-sermon-089,sermon-89-the-more-excellent-way,"More Excellent Way, The",https://www.resourceumc.org/en/content/sermon-89-the-more-excellent-way,matched
90,sermon-090-an-israelite-indeed.txt,jw-sermon-090,sermon-90-an-israelite-indeed,"Israelite Indeed, An",https://www.resourceumc.org/en/content/sermon-90-an-israelite-indeed,matched
91,sermon-091-on-charity.txt,jw-sermon-091,sermon-91-on-charity,On Charity,https://www.resourceumc.org/en/content/sermon-91-on-charity,matched
92,sermon-092-on-zeal.txt,jw-sermon-092,sermon-92-on-zeal,On Zeal,https://www.resourceumc.org/en/content/sermon-92-on-zeal,matched
93,sermon-093-on-redeeming-the-time.txt,jw-sermon-093,sermon-93-on-redeeming-the-time,On Redeeming the Time,https://www.resourceumc.org/en/content/sermon-93-on-redeeming-the-time,matched
94,sermon-094.txt,jw-sermon-094,sermon-94-on-family-religion,On Family Religion,https://www.resourceumc.org/en/content/sermon-94-on-family-religion,matched
95,sermon-095.txt,jw-sermon-095,sermon-95-on-the-education-of-children,On the Education of Children,https://www.resourceumc.org/en/content/sermon-95-on-the-education-of-children,matched
96,sermon-096.txt,jw-sermon-096,sermon-96-on-obedience-to-parents,On Obedience to Parents,https://www.resourceumc.org/en/content/sermon-96-on-obedience-to-parents,matched
97,sermon-097.txt,jw-sermon-097,sermon-97-on-obedience-to-pastors,On Obedience to Pastors,https://www.resourceumc.org/en/content/sermon-97-on-obedience-to-pastors,matched
98,sermon-098-on-visiting-the-sick.txt,jw-sermon-098,sermon-98-on-visiting-the-sick,On Visiting the Sick,https://www.resourceumc.org/en/content/sermon-98-on-visiting-the-sick,matched
99,sermon-099.txt,jw-sermon-099,sermon-99-the-reward-of-the-righteous,"Reward of Righteousness, The",https://www.resourceumc.org/en/content/sermon-99-the-reward-of-the-righteous,matched
100,sermon-100.txt,jw-sermon-100,sermon-100-on-pleasing-all-men,On Pleasing All Men,https://www.resourceumc.org/en/content/sermon-100-on-pleasing-all-men,matched
101,sermon-101.txt,jw-sermon-101,sermon-101-the-duty-of-constant-communion,"Duty of Constant Communion, The",https://www.resourceumc.org/en/content/sermon-101-the-duty-of-constant-communion,matched
102,sermon-102.txt,jw-sermon-102,sermon-102-of-former-times,Of Former Times,https://www.resourceumc.org/en/content/sermon-102-of-former-times,matched
103,sermon-103.txt,jw-sermon-103,sermon-103-what-is-man,What Is Man?,https://www.resourceumc.org/en/content/sermon-103-what-is-man,matched
104,sermon-104.txt,jw-sermon-104,sermon-104-on-attending-the-church-service,On Attending the Church Service,https://www.resourceumc.org/en/content/sermon-104-on-attending-the-church-service,matched
105,sermon-105.txt,jw-sermon-105,sermon-105-on-conscience,On Conscience,https://www.resourceumc.org/en/content/sermon-105-on-conscience,matched
106,sermon-106.txt,jw-sermon-106,sermon-106-on-faith,On Faith,https://www.resourceumc.org/en/content/sermon-106-on-faith,matched
107,sermon-107.txt,jw-sermon-107,sermon-107-on-gods-vineyard,On God's Vineyard,https://www.resourceumc.org/en/content/sermon-107-on-gods-vineyard,matched
108,sermon-108.txt,jw-sermon-108,sermon-108-on-riches,On Riches,https://www.resourceumc.org/en/content/sermon-108-on-riches,matched
109,sermon-109.txt,jw-sermon-109,sermon-109-what-is-man,What Is Man?,https://www.resourceumc.org/en/content/sermon-109-what-is-man,matched
110,sermon-110.txt,jw-sermon-110,sermon-110-on-the-discoveries-of-faith,On the Discoveries of Faith,https://www.resourceumc.org/en/content/sermon-110-on-the-discoveries-of-faith,matched
111,sermon-111.txt,jw-sermon-111,sermon-111-on-the-omnipresence-of-god,On the Omnipresence of God,https://www.resourceumc.org/en/content/sermon-111-on-the-omnipresence-of-god,matched
112,sermon-112-the-rich-man-and-lazarus.txt,jw-sermon-112,sermon-112-the-rich-man-and-lazarus,"Rich Man and Lazarus, The",https://www.resourceumc.org/en/content/sermon-112-the-rich-man-and-lazarus,matched
113,sermon-113.txt,jw-sermon-113,sermon-113-the-difference-between-walking-by-sight-and-walking-by-faith,"Walking by Sight, and Walking by Faith",https://www.resourceumc.org/en/content/sermon-113-the-difference-between-walking-by-sight-and-walking-by-faith,matched
114,sermon-114.txt,jw-sermon-114,sermon-114-the-unity-of-the-divine-being,"Unity of the Divine Being, The",https://www.resourceumc.org/en/content/sermon-114-the-unity-of-the-divine-being,matched
115,sermon-115.txt,jw-sermon-115,sermon-115-the-ministerial-office,"Ministerial Office, The",https://www.resourceumc.org/en/content/sermon-115-the-ministerial-office,matched
116,sermon-116.txt,jw-sermon-116,sermon-116-causes-of-the-inefficacy-of-christianity,Causes of the Inefficacy of Christianity,https://www.resourceumc.org/en/content/sermon-116-causes-of-the-inefficacy-of-christianity,matched
117,sermon-117.txt,jw-sermon-117,sermon-117-on-knowing-christ-after-the-flesh,On Knowing Christ After the Flesh,https://www.resourceumc.org/en/content/sermon-117-on-knowing-christ-after-the-flesh,matched
118,sermon-118.txt,jw-sermon-118,sermon-118-on-a-single-eye,On the Single Eye,https://www.resourceumc.org/en/content/sermon-118-on-a-single-eye,matched
119,sermon-119.txt,jw-sermon-119,sermon-119-on-worldly-folly,On Worldly Folly,https://www.resourceumc.org/en/content/sermon-119-on-worldly-folly,matched
120,sermon-120-on-the-wedding-garment.txt,jw-sermon-120,sermon-120-on-the-wedding-garment,On the Wedding Garment,https://www.resourceumc.org/en/content/sermon-120-on-the-wedding-garment,matched
121,sermon-121.txt,jw-sermon-121,sermon-121-human-life-a-dream,Human Life a Dream,https://www.resourceumc.org/en/content/sermon-121-human-life-a-dream,matched
122,sermon-122.txt,jw-sermon-122,sermon-122-on-faith,On Faith,https://www.resourceumc.org/en/content/sermon-122-on-faith,matched
123,sermon-123.txt,jw-sermon-123,sermon-123-the-deceitfulness-of-the-human-heart,On the Deceitfulness of the Human Heart,https://www.resourceumc.org/en/content/sermon-123-the-deceitfulness-of-the-human-heart,matched
124,sermon-124.txt,jw-sermon-124,sermon-124-the-heavenly-treasure-in-earthen-vessels,"Heavenly Treasure in Earthen Vessels, The",https://www.resourceumc.org/en/content/sermon-124-the-heavenly-treasure-in-earthen-vessels,matched
125,sermon-125.txt,jw-sermon-125,sermon-125-on-living-without-god,On Living Without God,https://www.resourceumc.org/en/content/sermon-125-on-living-without-god,matched
126,sermon-126.txt,jw-sermon-126,sermon-126-on-the-danger-of-increasing-riches,On the Danger of Increasing Riches,https://www.resourceumc.org/en/content/sermon-126-on-the-danger-of-increasing-riches,matched
127,sermon-127.txt,jw-sermon-127,sermon-127-the-trouble-and-rest-of-good-men,"Trouble and Rest of Good Men, The",https://www.resourceumc.org/en/content/sermon-127-the-trouble-and-rest-of-good-men,matched
128,sermon-128-free-grace.txt,jw-sermon-128,sermon-128-free-grace,Free Grace,https://www.resourceumc.org/en/content/sermon-128-free-grace,matched
129,,,sermon-129-the-cause-and-cure-of-earthquakes,"Cause and Cure of Earthquakes, The",https://www.resourceumc.org/en/content/sermon-129-the-cause-and-cure-of-earthquakes,no-local
130,sermon-130.txt,jw-sermon-130,sermon-130-national-sins-and-miseries,National Sins and Miseries,https://www.resourceumc.org/en/content/sermon-130-national-sins-and-miseries,matched
131,sermon-131.txt,jw-sermon-131,sermon-131-the-late-work-of-god-in-north-america,"Late Work of God in North America, The",https://www.resourceumc.org/en/content/sermon-131-the-late-work-of-god-in-north-america,matched
132,sermon-132.txt,jw-sermon-132,sermon-132-on-laying-the-foundation-of-the-new-chapel-near-the-city-road-london,On Laying the Foundation of the New Chapel,https://www.resourceumc.org/en/content/sermon-132-on-laying-the-foundation-of-the-new-chapel-near-the-city-road-london,matched
133,sermon-133.txt,jw-sermon-133,sermon-133-on-the-death-of-the-rev-mr-john-fletcher,On the Death of Rev. Mr. John Fletcher,https://www.resourceumc.org/en/content/sermon-133-on-the-death-of-the-rev-mr-john-fletcher,matched
134,sermon-134.txt,jw-sermon-134,sermon-134-true-christianity-defended,True Christianity Defended,https://www.resourceumc.org/en/content/sermon-134-true-christianity-defended,matched
135,sermon-135.txt,jw-sermon-135,sermon-135-on-mourning-the-dead,On Mourning the Dead,https://www.resourceumc.org/en/content/sermon-135-on-mourning-the-dead,matched
136,sermon-136.txt,jw-sermon-136,sermon-136-on-corrupting-the-word-of-god,On Corrupting the Word of God,https://www.resourceumc.org/en/content/sermon-136-on-corrupting-the-word-of-god,matched
137,sermon-137.txt,jw-sermon-137,sermon-137-on-the-resurrection-of-the-dead,On the Resurrection of the Dead,https://www.resourceumc.org/en/content/sermon-137-on-the-resurrection-of-the-dead,matched
138,sermon-138.txt,jw-sermon-138,sermon-138-on-grieving-the-holy-spirit,On Grieving the Holy Spirit,https://www.resourceumc.org/en/content/sermon-138-on-grieving-the-holy-spirit,matched
139,sermon-139.txt,jw-sermon-139,sermon-139-on-love,On Love,https://www.resourceumc.org/en/content/sermon-139-on-love,matched
140,sermon-140.txt,jw-sermon-140,sermon-140-on-public-diversions,On Public Diversions,https://www.resourceumc.org/en/content/sermon-140-on-public-diversions,matched
141,sermon-141.txt,jw-sermon-141,sermon-141-on-the-holy-spirit,On the Holy Spirit,https://www.resourceumc.org/en/content/sermon-141-on-the-holy-spirit,matched
