jackson_num,local_file,actual_source_id
1,sermon-001-salvation-by-faith.txt,jw-sermon-001
2,sermon-002-the-almost-christian.txt,jw-sermon-002
3,sermon-003-awake-thou-that-sleepest.txt,jw-sermon-003
4,sermon-004-scriptural-christianity.txt,jw-sermon-004
5,sermon-005-justification-by-faith.txt,jw-sermon-005
6,sermon-006-the-righteousness-of-faith.txt,jw-sermon-006
7,sermon-007-the-way-to-the-kingdom.txt,jw-sermon-007
8,sermon-008-the-first-fruits-of-the-spirit.txt,jw-sermon-008
9,sermon-009-the-spirit-of-bondage-and-of-adoption.txt,jw-sermon-009
10,sermon-010-witness-of-the-spirit-i.txt,jw-sermon-010
11,sermon-011-witness-of-the-spirit-ii.txt,jw-sermon-011
12,sermon-012-the-witness-of-our-own-spirit.txt,jw-sermon-012
13,sermon-013-on-sin-in-believers.txt,jw-sermon-013
14,sermon-014-the-repentance-of-believers.txt,jw-sermon-014
15,sermon-015-the-great-assize.txt,jw-sermon-015
17,sermon-017-circumcision-of-the-heart.txt,jw-sermon-017
18,sermon-018-the-marks-of-the-new-birth.txt,jw-sermon-018
19,sermon-019-the-great-privilege-of-those-born-of-god.txt,jw-sermon-019
20,sermon-020-the-lord-our-righteousness.txt,jw-sermon-020
21,sermon-021-upon-our-lords-sermon-on-the-mount-i.txt,jw-sermon-021
22,sermon-022-upon-our-lords-sermon-on-the-mount-ii.txt,jw-sermon-022
23,sermon-023-upon-our-lords-sermon-on-the-mount-iii.txt,jw-sermon-023
24,sermon-024-upon-our-lords-sermon-on-the-mount-iv.txt,jw-sermon-024
25,sermon-025-upon-our-lords-sermon-on-the-mount-v.txt,jw-sermon-025
26,sermon-026-upon-our-lords-sermon-on-the-mount-vi.txt,jw-sermon-026
27,sermon-027-upon-our-lords-sermon-on-the-mount-vii.txt,jw-sermon-027
28,sermon-028-upon-our-lords-sermon-on-the-mount-viii.txt,jw-sermon-028
29,sermon-029-upon-our-lords-sermon-on-the-mount-ix.txt,jw-sermon-029
30,sermon-030-upon-our-lords-sermon-on-the-mount-x.txt,jw-sermon-030
31,sermon-031-upon-our-lords-sermon-on-the-mount-xi.txt,jw-sermon-031
32,sermon-032-upon-our-lords-sermon-on-the-mount-xii.txt,jw-sermon-032
33,sermon-033-upon-our-lords-sermon-on-the-mount-xiii.txt,jw-sermon-033
34,sermon-034-the-original-nature-property-and-use-of-the-law.txt,jw-sermon-034
35,sermon-035-the-law-established-through-faith-i.txt,jw-sermon-035
36,sermon-036-the-law-established-through-faith-ii.txt,jw-sermon-036
37,sermon-037-the-nature-of-enthusiasm.txt,jw-sermon-037
38,sermon-038-a-caution-against-bigotry.txt,jw-sermon-038
40,sermon-040-christian-perfection.txt,jw-sermon-040
41,sermon-041-wandering-thoughts.txt,jw-sermon-041
42,sermon-042-satans-devices.txt,jw-sermon-042
43,sermon-043-scripture-way-of-salvation.txt,jw-sermon-043
44,sermon-044-original-sin.txt,jw-sermon-044
45,sermon-045-the-new-birth.txt,jw-sermon-045
46,sermon-046-the-wilderness-state.txt,jw-sermon-046
47,sermon-047-heaviness-through-manifold-temptations.txt,jw-sermon-047
48,sermon-048-self-denial.txt,jw-sermon-048
49,sermon-049-the-cure-of-evil-speaking.txt,jw-sermon-049
50,sermon-050-use-of-money.txt,jw-sermon-050
51,sermon-051-the-good-steward.txt,jw-sermon-051
52,sermon-052-the-reformation-of-manners.txt,jw-sermon-052
54,sermon-054-on-eternity.txt,jw-sermon-054
55,sermon-055-on-the-trinity.txt,jw-sermon-055
56,sermon-056-gods-approbation-of-his-works.txt,jw-sermon-056
57,sermon-057-on-the-fall-of-man.txt,jw-sermon-057
58,sermon-058-on-predestination.txt,jw-sermon-058
59,sermon-059-gods-love-to-fallen-man.txt,jw-sermon-059
60,sermon-060-the-general-deliverance.txt,jw-sermon-060
61,sermon-061-the-mystery-of-iniquity.txt,jw-sermon-061
62,sermon-062-the-end-of-christs-coming.txt,jw-sermon-062
63,sermon-063-the-general-spread-of-the-gospel.txt,jw-sermon-063
64,sermon-064-the-new-creation.txt,jw-sermon-064
65,sermon-065-the-duty-of-reproving-our-neighbor.txt,jw-sermon-065
66,sermon-066-the-signs-of-the-times.txt,jw-sermon-066
67,sermon-067-on-divine-providence.txt,jw-sermon-067
68,sermon-068-the-wisdom-of-gods-counsels.txt,jw-sermon-068
69,sermon-069-the-imperfection-of-human-knowledge.txt,jw-sermon-069
70,sermon-070-the-case-of-reason-impartially-considered.txt,jw-sermon-070
71,sermon-071-of-good-angels.txt,jw-sermon-071
72,sermon-072-of-evil-angels.txt,jw-sermon-072
73,sermon-073-of-hell.txt,jw-sermon-073
74,sermon-074-of-the-church.txt,jw-sermon-074
75,sermon-075-on-schism.txt,jw-sermon-075
76,sermon-076-on-perfection.txt,jw-sermon-076
77,sermon-077-spiritual-worship.txt,jw-sermon-077
78,sermon-078-spiritual-idolatry.txt,jw-sermon-078
79,sermon-079-on-dissipation.txt,jw-sermon-079
80,sermon-080-on-friendship-with-the-world.txt,jw-sermon-080
81,sermon-081-in-what-sense-are-we-to-leave-the-world.txt,jw-sermon-081
82,sermon-082-on-temptation.txt,jw-sermon-082
83,sermon-083-on-patience.txt,jw-sermon-083
84,sermon-084-the-important-question.txt,jw-sermon-084
85,sermon-085-on-working-out-our-own-salvation.txt,jw-sermon-085
87,sermon-087-the-danger-of-riches.txt,jw-sermon-087
88,sermon-088-on-dress.txt,jw-sermon-088
89,sermon-089-the-more-excellent-way.txt,jw-sermon-089
90,sermon-090-an-israelite-indeed.txt,jw-sermon-090
91,sermon-091-on-charity.txt,jw-sermon-091
92,sermon-092-on-zeal.txt,jw-sermon-092
93,sermon-093-on-redeeming-the-time.txt,jw-sermon-093
94,sermon-094.txt,jw-sermon-094
95,sermon-095.txt,jw-sermon-095
96,sermon-096.txt,jw-sermon-096
97,sermon-097.txt,jw-sermon-097
98,sermon-098-on-visiting-the-sick.txt,jw-sermon-098
99,sermon-099.txt,jw-sermon-099
100,sermon-100.txt,jw-sermon-100
101,sermon-101.txt,jw-sermon-101
102,sermon-102.txt,jw-sermon-102
103,sermon-103.txt,jw-sermon-103
104,sermon-104.txt,jw-sermon-104
105,sermon-105.txt,jw-sermon-105
106,sermon-106.txt,jw-sermon-106
107,sermon-107.txt,jw-sermon-107
108,sermon-108.txt,jw-sermon-108
109,sermon-109.txt,jw-sermon-109
110,sermon-110.txt,jw-sermon-110
111,sermon-111.txt,jw-sermon-111
112,sermon-112-the-rich-man-and-lazarus.txt,jw-sermon-112
113,sermon-113.txt,jw-sermon-113
114,sermon-114.txt,jw-sermon-114
115,sermon-115.txt,jw-sermon-115
116,sermon-116.txt,jw-sermon-116
117,sermon-117.txt,jw-sermon-117
118,sermon-118.txt,jw-sermon-118
119,sermon-119.txt,jw-sermon-119
120,sermon-120-on-the-wedding-garment.txt,jw-sermon-120
121,sermon-121.txt,jw-sermon-121
122,sermon-122.txt,jw-sermon-122
123,sermon-123.txt,jw-sermon-123
124,sermon-124.txt,jw-sermon-124
125,sermon-125.txt,jw-sermon-125
126,sermon-126.txt,jw-sermon-126
127,sermon-127.txt,jw-sermon-127
130,sermon-130.txt,jw-sermon-130
131,sermon-131.txt,jw-sermon-131
132,sermon-132.txt,jw-sermon-132
133,sermon-133.txt,jw-sermon-133
134,sermon-134.txt,jw-sermon-134
135,sermon-135.txt,jw-sermon-135
136,sermon-136.txt,jw-sermon-136
138,sermon-138.txt,jw-sermon-138
139,sermon-139.txt,jw-sermon-139
140,sermon-140.txt,jw-sermon-140
141,sermon-141.txt,jw-sermon-141
